-- phpMyAdmin SQL Dump
-- version 4.4.15.7
-- http://www.phpmyadmin.net
--
-- Хост: 127.0.0.1:3306
-- Время создания: Май 29 2017 г., 13:00
-- Версия сервера: 5.5.50
-- Версия PHP: 5.3.29

SET SQL_MODE = "NO_AUTO_VALUE_ON_ZERO";
SET time_zone = "+00:00";


/*!40101 SET @OLD_CHARACTER_SET_CLIENT=@@CHARACTER_SET_CLIENT */;
/*!40101 SET @OLD_CHARACTER_SET_RESULTS=@@CHARACTER_SET_RESULTS */;
/*!40101 SET @OLD_COLLATION_CONNECTION=@@COLLATION_CONNECTION */;
/*!40101 SET NAMES utf8mb4 */;

--
-- База данных: `sbb`
--

-- --------------------------------------------------------

--
-- Структура таблицы `car`
--

CREATE TABLE IF NOT EXISTS `car` (
  `id` int(11) NOT NULL,
  `carPrototypeId` int(11) NOT NULL,
  `number` int(11) NOT NULL
) ENGINE=InnoDB AUTO_INCREMENT=20 DEFAULT CHARSET=utf8;

--
-- Дамп данных таблицы `car`
--

INSERT INTO `car` (`id`, `carPrototypeId`, `number`) VALUES
(1, 1, 1),
(5, 2, 5),
(15, 1, 2),
(16, 2, 3),
(18, 3, 4),
(19, 3, 6);

-- --------------------------------------------------------

--
-- Структура таблицы `carPrototype`
--

CREATE TABLE IF NOT EXISTS `carPrototype` (
  `id` int(11) NOT NULL,
  `classId` int(11) NOT NULL,
  `svgFileName` varchar(35) NOT NULL
) ENGINE=InnoDB AUTO_INCREMENT=4 DEFAULT CHARSET=utf8;

--
-- Дамп данных таблицы `carPrototype`
--

INSERT INTO `carPrototype` (`id`, `classId`, `svgFileName`) VALUES
(1, 1, 'standard'),
(2, 3, 'business'),
(3, 5, 'suite');

-- --------------------------------------------------------

--
-- Структура таблицы `carPrototypeComposition`
--

CREATE TABLE IF NOT EXISTS `carPrototypeComposition` (
  `id` int(11) NOT NULL,
  `carPrototypeId` int(11) NOT NULL,
  `sitePrototypeId` int(11) NOT NULL
) ENGINE=InnoDB AUTO_INCREMENT=110 DEFAULT CHARSET=utf8;

--
-- Дамп данных таблицы `carPrototypeComposition`
--

INSERT INTO `carPrototypeComposition` (`id`, `carPrototypeId`, `sitePrototypeId`) VALUES
(1, 1, 1),
(2, 1, 2),
(3, 1, 3),
(4, 1, 4),
(5, 1, 5),
(6, 1, 6),
(7, 1, 7),
(8, 1, 8),
(9, 1, 9),
(10, 1, 10),
(11, 1, 11),
(12, 1, 12),
(13, 1, 13),
(14, 1, 14),
(15, 1, 15),
(16, 1, 16),
(17, 1, 17),
(18, 1, 18),
(19, 1, 19),
(20, 1, 20),
(21, 1, 21),
(22, 1, 22),
(23, 1, 23),
(24, 1, 24),
(25, 1, 25),
(26, 1, 26),
(27, 1, 27),
(28, 1, 28),
(29, 1, 29),
(30, 1, 30),
(31, 1, 31),
(32, 1, 32),
(33, 1, 33),
(34, 1, 34),
(35, 1, 35),
(36, 1, 36),
(37, 1, 37),
(38, 1, 38),
(39, 1, 39),
(40, 1, 40),
(41, 1, 41),
(42, 1, 42),
(43, 1, 43),
(44, 1, 44),
(45, 1, 45),
(46, 1, 46),
(47, 1, 47),
(48, 1, 48),
(49, 1, 49),
(50, 1, 50),
(51, 1, 51),
(52, 1, 52),
(53, 1, 53),
(54, 1, 54),
(55, 2, 55),
(56, 2, 56),
(57, 2, 57),
(58, 2, 58),
(59, 2, 59),
(60, 2, 60),
(61, 2, 61),
(62, 2, 62),
(63, 2, 63),
(64, 2, 64),
(65, 2, 65),
(66, 2, 66),
(67, 2, 67),
(68, 2, 68),
(69, 2, 69),
(70, 2, 70),
(71, 2, 71),
(72, 2, 72),
(73, 2, 73),
(74, 2, 74),
(75, 2, 75),
(76, 2, 76),
(77, 2, 77),
(78, 2, 78),
(79, 2, 79),
(80, 2, 80),
(81, 2, 81),
(82, 2, 82),
(83, 2, 83),
(84, 2, 84),
(85, 2, 85),
(86, 2, 86),
(87, 2, 87),
(88, 2, 88),
(89, 2, 89),
(90, 2, 90),
(91, 3, 91),
(92, 3, 91),
(93, 3, 92),
(94, 3, 93),
(95, 3, 94),
(96, 3, 95),
(97, 3, 96),
(98, 3, 97),
(99, 3, 98),
(100, 3, 99),
(101, 3, 100),
(102, 3, 101),
(103, 3, 102),
(104, 3, 103),
(105, 3, 104),
(106, 3, 105),
(107, 3, 106),
(108, 3, 107),
(109, 3, 108);

-- --------------------------------------------------------

--
-- Структура таблицы `passenger`
--

CREATE TABLE IF NOT EXISTS `passenger` (
  `id` int(11) NOT NULL,
  `name` varchar(45) NOT NULL,
  `surname` varchar(45) NOT NULL,
  `birthDate` date NOT NULL,
  `idUser` int(11) NOT NULL
) ENGINE=InnoDB AUTO_INCREMENT=3 DEFAULT CHARSET=utf8;

--
-- Дамп данных таблицы `passenger`
--

INSERT INTO `passenger` (`id`, `name`, `surname`, `birthDate`, `idUser`) VALUES
(1, 'Roman', 'Pleshchenko', '1989-04-04', 1),
(2, 'Vasya', 'Pupkin', '2017-04-01', 2);

-- --------------------------------------------------------

--
-- Структура таблицы `role`
--

CREATE TABLE IF NOT EXISTS `role` (
  `id` bigint(20) NOT NULL,
  `type` varchar(30) NOT NULL
) ENGINE=InnoDB AUTO_INCREMENT=4 DEFAULT CHARSET=utf8;

--
-- Дамп данных таблицы `role`
--

INSERT INTO `role` (`id`, `type`) VALUES
(2, 'ADMIN'),
(3, 'DBA'),
(1, 'USER');

-- --------------------------------------------------------

--
-- Структура таблицы `route`
--

CREATE TABLE IF NOT EXISTS `route` (
  `id` int(11) NOT NULL,
  `number` varchar(30) NOT NULL,
  `name` varchar(30) NOT NULL
) ENGINE=InnoDB AUTO_INCREMENT=5 DEFAULT CHARSET=utf8;

--
-- Дамп данных таблицы `route`
--

INSERT INTO `route` (`id`, `number`, `name`) VALUES
(1, '766A', 'Moskva-Sankt-Peterburg'),
(2, '766B', 'Sankt-Peterburg-Moskva'),
(3, '100MV', 'Moscow-Bologoe'),
(4, 'test', 'test-test');

-- --------------------------------------------------------

--
-- Структура таблицы `routeComposition`
--

CREATE TABLE IF NOT EXISTS `routeComposition` (
  `id` int(11) NOT NULL,
  `routeId` int(11) NOT NULL,
  `segmentId` int(11) NOT NULL,
  `departureTime` int(11) NOT NULL,
  `destinationTime` int(11) NOT NULL
) ENGINE=InnoDB AUTO_INCREMENT=262 DEFAULT CHARSET=utf8;

--
-- Дамп данных таблицы `routeComposition`
--

INSERT INTO `routeComposition` (`id`, `routeId`, `segmentId`, `departureTime`, `destinationTime`) VALUES
(1, 1, 30, 0, 169),
(2, 1, 31, 174, 293),
(3, 1, 32, 295, 340),
(4, 1, 33, 343, 373),
(5, 1, 34, 376, 507),
(6, 1, 35, 517, 635),
(216, 2, 44, 0, 100),
(217, 2, 45, 105, 200),
(218, 2, 47, 205, 300),
(219, 2, 48, 305, 400),
(220, 2, 49, 405, 500),
(221, 2, 50, 505, 600),
(244, 3, 41, 0, 1),
(259, 4, 45, 210, 300),
(260, 4, 56, 110, 200),
(261, 4, 42, 0, 100);

-- --------------------------------------------------------

--
-- Структура таблицы `schedule`
--

CREATE TABLE IF NOT EXISTS `schedule` (
  `id` int(11) NOT NULL,
  `active` tinyint(1) NOT NULL,
  `composed` tinyint(1) NOT NULL,
  `routeId` int(11) NOT NULL,
  `trainId` int(11) NOT NULL,
  `departureTime` timestamp NULL DEFAULT '0000-00-00 00:00:00',
  `destinationTime` timestamp NOT NULL DEFAULT '0000-00-00 00:00:00'
) ENGINE=InnoDB AUTO_INCREMENT=13 DEFAULT CHARSET=utf8;

--
-- Дамп данных таблицы `schedule`
--

INSERT INTO `schedule` (`id`, `active`, `composed`, `routeId`, `trainId`, `departureTime`, `destinationTime`) VALUES
(1, 1, 1, 1, 4, '2017-05-01 00:00:00', '2017-05-01 10:35:00'),
(2, 1, 1, 1, 4, '2017-05-01 21:00:00', '2017-05-02 07:35:00'),
(10, 1, 1, 3, 11, '2017-05-28 22:00:00', '2017-05-28 23:40:00'),
(11, 1, 1, 1, 11, '2017-05-25 22:00:00', '2017-05-26 08:35:00'),
(12, 1, 1, 2, 11, '2017-05-31 14:13:00', '2017-06-01 00:13:00');

-- --------------------------------------------------------

--
-- Структура таблицы `segment`
--

CREATE TABLE IF NOT EXISTS `segment` (
  `id` int(11) NOT NULL,
  `departureStationId` int(11) NOT NULL,
  `destinationStationId` int(11) NOT NULL
) ENGINE=InnoDB AUTO_INCREMENT=58 DEFAULT CHARSET=utf8;

--
-- Дамп данных таблицы `segment`
--

INSERT INTO `segment` (`id`, `departureStationId`, `destinationStationId`) VALUES
(30, 1, 5),
(31, 5, 6),
(32, 6, 7),
(33, 7, 8),
(34, 8, 9),
(35, 9, 10),
(41, 1, 7),
(42, 7, 1),
(43, 8, 1),
(44, 10, 9),
(45, 9, 8),
(46, 1, 10),
(47, 8, 7),
(48, 7, 6),
(49, 6, 5),
(50, 5, 1),
(51, 1, 7),
(52, 7, 9),
(54, 10, 10),
(55, 1, 1),
(56, 1, 9),
(57, 9, 7);

-- --------------------------------------------------------

--
-- Структура таблицы `siteCarClass`
--

CREATE TABLE IF NOT EXISTS `siteCarClass` (
  `id` int(11) NOT NULL,
  `name` varchar(30) NOT NULL
) ENGINE=InnoDB AUTO_INCREMENT=6 DEFAULT CHARSET=utf8;

--
-- Дамп данных таблицы `siteCarClass`
--

INSERT INTO `siteCarClass` (`id`, `name`) VALUES
(1, 'standard'),
(3, 'business'),
(5, 'suite');

-- --------------------------------------------------------

--
-- Структура таблицы `sitePrototype`
--

CREATE TABLE IF NOT EXISTS `sitePrototype` (
  `id` int(11) NOT NULL,
  `number` int(3) NOT NULL,
  `location` varchar(30) NOT NULL,
  `level` varchar(30) NOT NULL,
  `classId` int(11) NOT NULL
) ENGINE=InnoDB AUTO_INCREMENT=109 DEFAULT CHARSET=utf8;

--
-- Дамп данных таблицы `sitePrototype`
--

INSERT INTO `sitePrototype` (`id`, `number`, `location`, `level`, `classId`) VALUES
(1, 1, 'inner', 'bottom', 1),
(2, 2, 'inner', 'top', 1),
(3, 3, 'inner', 'bottom', 1),
(4, 4, 'inner', 'top', 1),
(5, 5, 'inner', 'bottom', 1),
(6, 6, 'inner', 'top', 1),
(7, 7, 'inner', 'bottom', 1),
(8, 8, 'inner', 'top', 1),
(9, 9, 'inner', 'bottom', 1),
(10, 10, 'inner', 'top', 1),
(11, 11, 'inner', 'bottom', 1),
(12, 12, 'inner', 'top', 1),
(13, 13, 'inner', 'bottom', 1),
(14, 14, 'inner', 'top', 1),
(15, 15, 'inner', 'bottom', 1),
(16, 16, 'inner', 'top', 1),
(17, 17, 'inner', 'bottom', 1),
(18, 18, 'inner', 'top', 1),
(19, 19, 'inner', 'bottom', 1),
(20, 20, 'inner', 'top', 1),
(21, 21, 'inner', 'bottom', 1),
(22, 22, 'inner', 'top', 1),
(23, 23, 'inner', 'bottom', 1),
(24, 24, 'inner', 'top', 1),
(25, 25, 'inner', 'bottom', 1),
(26, 26, 'inner', 'top', 1),
(27, 27, 'inner', 'bottom', 1),
(28, 28, 'inner', 'top', 1),
(29, 29, 'inner', 'bottom', 1),
(30, 30, 'inner', 'top', 1),
(31, 31, 'inner', 'bottom', 1),
(32, 32, 'inner', 'top', 1),
(33, 33, 'inner', 'bottom', 1),
(34, 34, 'inner', 'top', 1),
(35, 35, 'inner', 'bottom', 1),
(36, 36, 'inner', 'top', 1),
(37, 37, 'side', 'bottom', 1),
(38, 38, 'side', 'top', 1),
(39, 39, 'side', 'bottom', 1),
(40, 40, 'side', 'top', 1),
(41, 41, 'side', 'bottom', 1),
(42, 42, 'side', 'top', 1),
(43, 43, 'side', 'bottom', 1),
(44, 44, 'side', 'top', 1),
(45, 45, 'side', 'bottom', 1),
(46, 46, 'side', 'top', 1),
(47, 47, 'side', 'bottom', 1),
(48, 48, 'side', 'top', 1),
(49, 49, 'side', 'bottom', 1),
(50, 50, 'side', 'top', 1),
(51, 51, 'side', 'bottom', 1),
(52, 52, 'side', 'top', 1),
(53, 53, 'side', 'bottom', 1),
(54, 54, 'side', 'top', 1),
(55, 1, 'inner', 'bottom', 3),
(56, 2, 'inner', 'top', 3),
(57, 3, 'inner', 'bottom', 3),
(58, 4, 'inner', 'top', 3),
(59, 5, 'inner', 'bottom', 3),
(60, 6, 'inner', 'top', 3),
(61, 7, 'inner', 'bottom', 3),
(62, 8, 'inner', 'top', 3),
(63, 9, 'inner', 'bottom', 3),
(64, 10, 'inner', 'top', 3),
(65, 11, 'inner', 'bottom', 3),
(66, 12, 'inner', 'top', 3),
(67, 13, 'inner', 'bottom', 3),
(68, 14, 'inner', 'top', 3),
(69, 15, 'inner', 'bottom', 3),
(70, 16, 'inner', 'top', 3),
(71, 17, 'inner', 'bottom', 3),
(72, 18, 'inner', 'top', 3),
(73, 19, 'inner', 'bottom', 3),
(74, 20, 'inner', 'top', 3),
(75, 21, 'inner', 'bottom', 3),
(76, 22, 'inner', 'top', 3),
(77, 23, 'inner', 'bottom', 3),
(78, 24, 'inner', 'top', 3),
(79, 25, 'inner', 'bottom', 3),
(80, 26, 'inner', 'top', 3),
(81, 27, 'inner', 'bottom', 3),
(82, 28, 'inner', 'top', 3),
(83, 29, 'inner', 'bottom', 3),
(84, 30, 'inner', 'top', 3),
(85, 31, 'inner', 'bottom', 3),
(86, 32, 'inner', 'top', 3),
(87, 33, 'inner', 'bottom', 3),
(88, 34, 'inner', 'top', 3),
(89, 35, 'inner', 'bottom', 3),
(90, 36, 'inner', 'top', 3),
(91, 1, 'inner', 'bottom', 5),
(92, 2, 'inner', 'bottom', 5),
(93, 3, 'inner', 'bottom', 5),
(94, 4, 'inner', 'bottom', 5),
(95, 5, 'inner', 'bottom', 5),
(96, 6, 'inner', 'bottom', 5),
(97, 7, 'inner', 'bottom', 5),
(98, 8, 'inner', 'bottom', 5),
(99, 9, 'inner', 'bottom', 5),
(100, 10, 'inner', 'bottom', 5),
(101, 11, 'inner', 'bottom', 5),
(102, 12, 'inner', 'bottom', 5),
(103, 13, 'inner', 'bottom', 5),
(104, 14, 'inner', 'bottom', 5),
(105, 15, 'inner', 'bottom', 5),
(106, 16, 'inner', 'bottom', 5),
(107, 17, 'inner', 'bottom', 5),
(108, 18, 'inner', 'bottom', 5);

-- --------------------------------------------------------

--
-- Структура таблицы `station`
--

CREATE TABLE IF NOT EXISTS `station` (
  `id` int(11) NOT NULL,
  `name` varchar(45) NOT NULL
) ENGINE=InnoDB AUTO_INCREMENT=11 DEFAULT CHARSET=utf8;

--
-- Дамп данных таблицы `station`
--

INSERT INTO `station` (`id`, `name`) VALUES
(1, 'Moscow'),
(5, 'Tver'),
(6, 'Volochek'),
(7, 'Bologoe'),
(8, 'Okulovka'),
(9, 'Chudovo'),
(10, 'Sankt-Peterburg');

-- --------------------------------------------------------

--
-- Структура таблицы `ticket`
--

CREATE TABLE IF NOT EXISTS `ticket` (
  `id` int(11) NOT NULL,
  `userId` bigint(20) NOT NULL,
  `destinationStationId` int(11) NOT NULL,
  `departureStationId` int(11) NOT NULL,
  `destinationTime` timestamp NULL DEFAULT '0000-00-00 00:00:00',
  `departureTime` timestamp NULL DEFAULT CURRENT_TIMESTAMP,
  `trainId` int(11) NOT NULL
) ENGINE=InnoDB DEFAULT CHARSET=utf8;

-- --------------------------------------------------------

--
-- Структура таблицы `ticketComposition`
--

CREATE TABLE IF NOT EXISTS `ticketComposition` (
  `id` int(11) NOT NULL,
  `ticketId` int(11) NOT NULL,
  `tripsSiteId` int(11) NOT NULL
) ENGINE=InnoDB DEFAULT CHARSET=utf8;

-- --------------------------------------------------------

--
-- Структура таблицы `train`
--

CREATE TABLE IF NOT EXISTS `train` (
  `id` int(11) NOT NULL,
  `number` varchar(45) NOT NULL
) ENGINE=InnoDB AUTO_INCREMENT=12 DEFAULT CHARSET=utf8;

--
-- Дамп данных таблицы `train`
--

INSERT INTO `train` (`id`, `number`) VALUES
(4, 's55'),
(11, 'sapsan01');

-- --------------------------------------------------------

--
-- Структура таблицы `trainComposition`
--

CREATE TABLE IF NOT EXISTS `trainComposition` (
  `id` int(11) NOT NULL,
  `trainId` int(11) NOT NULL,
  `carId` int(11) NOT NULL
) ENGINE=InnoDB AUTO_INCREMENT=48 DEFAULT CHARSET=utf8;

--
-- Дамп данных таблицы `trainComposition`
--

INSERT INTO `trainComposition` (`id`, `trainId`, `carId`) VALUES
(1, 4, 1),
(2, 4, 5),
(45, 11, 1),
(46, 11, 5),
(47, 11, 19);

-- --------------------------------------------------------

--
-- Структура таблицы `tripsSite`
--

CREATE TABLE IF NOT EXISTS `tripsSite` (
  `id` int(11) NOT NULL,
  `scheduleId` int(11) NOT NULL,
  `carId` int(11) NOT NULL,
  `segmentId` int(11) NOT NULL,
  `sitePrototypeId` int(11) NOT NULL,
  `sold` tinyint(1) NOT NULL
) ENGINE=InnoDB AUTO_INCREMENT=3331 DEFAULT CHARSET=utf8;

--
-- Дамп данных таблицы `tripsSite`
--

INSERT INTO `tripsSite` (`id`, `scheduleId`, `carId`, `segmentId`, `sitePrototypeId`, `sold`) VALUES
(631, 1, 1, 30, 1, 0),
(632, 1, 1, 31, 1, 0),
(633, 1, 1, 32, 1, 0),
(634, 1, 1, 33, 1, 0),
(635, 1, 1, 34, 1, 0),
(636, 1, 1, 35, 1, 0),
(637, 1, 1, 30, 2, 0),
(638, 1, 1, 31, 2, 0),
(639, 1, 1, 32, 2, 0),
(640, 1, 1, 33, 2, 0),
(641, 1, 1, 34, 2, 0),
(642, 1, 1, 35, 2, 0),
(643, 1, 1, 30, 3, 0),
(644, 1, 1, 31, 3, 0),
(645, 1, 1, 32, 3, 0),
(646, 1, 1, 33, 3, 0),
(647, 1, 1, 34, 3, 0),
(648, 1, 1, 35, 3, 0),
(649, 1, 1, 30, 4, 0),
(650, 1, 1, 31, 4, 0),
(651, 1, 1, 32, 4, 0),
(652, 1, 1, 33, 4, 0),
(653, 1, 1, 34, 4, 0),
(654, 1, 1, 35, 4, 0),
(655, 1, 1, 30, 5, 0),
(656, 1, 1, 31, 5, 0),
(657, 1, 1, 32, 5, 0),
(658, 1, 1, 33, 5, 0),
(659, 1, 1, 34, 5, 0),
(660, 1, 1, 35, 5, 0),
(661, 1, 1, 30, 6, 0),
(662, 1, 1, 31, 6, 0),
(663, 1, 1, 32, 6, 0),
(664, 1, 1, 33, 6, 0),
(665, 1, 1, 34, 6, 0),
(666, 1, 1, 35, 6, 0),
(667, 1, 1, 30, 7, 0),
(668, 1, 1, 31, 7, 0),
(669, 1, 1, 32, 7, 0),
(670, 1, 1, 33, 7, 0),
(671, 1, 1, 34, 7, 0),
(672, 1, 1, 35, 7, 0),
(673, 1, 1, 30, 8, 0),
(674, 1, 1, 31, 8, 0),
(675, 1, 1, 32, 8, 0),
(676, 1, 1, 33, 8, 0),
(677, 1, 1, 34, 8, 0),
(678, 1, 1, 35, 8, 0),
(679, 1, 1, 30, 9, 0),
(680, 1, 1, 31, 9, 0),
(681, 1, 1, 32, 9, 0),
(682, 1, 1, 33, 9, 0),
(683, 1, 1, 34, 9, 0),
(684, 1, 1, 35, 9, 0),
(685, 1, 1, 30, 10, 0),
(686, 1, 1, 31, 10, 0),
(687, 1, 1, 32, 10, 0),
(688, 1, 1, 33, 10, 0),
(689, 1, 1, 34, 10, 0),
(690, 1, 1, 35, 10, 0),
(691, 1, 1, 30, 11, 0),
(692, 1, 1, 31, 11, 0),
(693, 1, 1, 32, 11, 0),
(694, 1, 1, 33, 11, 0),
(695, 1, 1, 34, 11, 0),
(696, 1, 1, 35, 11, 0),
(697, 1, 1, 30, 12, 0),
(698, 1, 1, 31, 12, 0),
(699, 1, 1, 32, 12, 0),
(700, 1, 1, 33, 12, 0),
(701, 1, 1, 34, 12, 0),
(702, 1, 1, 35, 12, 0),
(703, 1, 1, 30, 13, 0),
(704, 1, 1, 31, 13, 0),
(705, 1, 1, 32, 13, 0),
(706, 1, 1, 33, 13, 0),
(707, 1, 1, 34, 13, 0),
(708, 1, 1, 35, 13, 0),
(709, 1, 1, 30, 14, 0),
(710, 1, 1, 31, 14, 0),
(711, 1, 1, 32, 14, 0),
(712, 1, 1, 33, 14, 0),
(713, 1, 1, 34, 14, 0),
(714, 1, 1, 35, 14, 0),
(715, 1, 1, 30, 15, 0),
(716, 1, 1, 31, 15, 0),
(717, 1, 1, 32, 15, 0),
(718, 1, 1, 33, 15, 0),
(719, 1, 1, 34, 15, 0),
(720, 1, 1, 35, 15, 0),
(721, 1, 1, 30, 16, 0),
(722, 1, 1, 31, 16, 0),
(723, 1, 1, 32, 16, 0),
(724, 1, 1, 33, 16, 0),
(725, 1, 1, 34, 16, 0),
(726, 1, 1, 35, 16, 0),
(727, 1, 1, 30, 17, 0),
(728, 1, 1, 31, 17, 0),
(729, 1, 1, 32, 17, 0),
(730, 1, 1, 33, 17, 0),
(731, 1, 1, 34, 17, 0),
(732, 1, 1, 35, 17, 0),
(733, 1, 1, 30, 18, 0),
(734, 1, 1, 31, 18, 0),
(735, 1, 1, 32, 18, 0),
(736, 1, 1, 33, 18, 0),
(737, 1, 1, 34, 18, 0),
(738, 1, 1, 35, 18, 0),
(739, 1, 1, 30, 19, 0),
(740, 1, 1, 31, 19, 0),
(741, 1, 1, 32, 19, 0),
(742, 1, 1, 33, 19, 0),
(743, 1, 1, 34, 19, 0),
(744, 1, 1, 35, 19, 0),
(745, 1, 1, 30, 20, 0),
(746, 1, 1, 31, 20, 0),
(747, 1, 1, 32, 20, 0),
(748, 1, 1, 33, 20, 0),
(749, 1, 1, 34, 20, 0),
(750, 1, 1, 35, 20, 0),
(751, 1, 1, 30, 21, 0),
(752, 1, 1, 31, 21, 0),
(753, 1, 1, 32, 21, 0),
(754, 1, 1, 33, 21, 0),
(755, 1, 1, 34, 21, 0),
(756, 1, 1, 35, 21, 0),
(757, 1, 1, 30, 22, 0),
(758, 1, 1, 31, 22, 0),
(759, 1, 1, 32, 22, 0),
(760, 1, 1, 33, 22, 0),
(761, 1, 1, 34, 22, 0),
(762, 1, 1, 35, 22, 0),
(763, 1, 1, 30, 23, 0),
(764, 1, 1, 31, 23, 0),
(765, 1, 1, 32, 23, 0),
(766, 1, 1, 33, 23, 0),
(767, 1, 1, 34, 23, 0),
(768, 1, 1, 35, 23, 0),
(769, 1, 1, 30, 24, 0),
(770, 1, 1, 31, 24, 0),
(771, 1, 1, 32, 24, 0),
(772, 1, 1, 33, 24, 0),
(773, 1, 1, 34, 24, 0),
(774, 1, 1, 35, 24, 0),
(775, 1, 1, 30, 25, 0),
(776, 1, 1, 31, 25, 0),
(777, 1, 1, 32, 25, 0),
(778, 1, 1, 33, 25, 0),
(779, 1, 1, 34, 25, 0),
(780, 1, 1, 35, 25, 0),
(781, 1, 1, 30, 26, 0),
(782, 1, 1, 31, 26, 0),
(783, 1, 1, 32, 26, 0),
(784, 1, 1, 33, 26, 0),
(785, 1, 1, 34, 26, 0),
(786, 1, 1, 35, 26, 0),
(787, 1, 1, 30, 27, 0),
(788, 1, 1, 31, 27, 0),
(789, 1, 1, 32, 27, 0),
(790, 1, 1, 33, 27, 0),
(791, 1, 1, 34, 27, 0),
(792, 1, 1, 35, 27, 0),
(793, 1, 1, 30, 28, 0),
(794, 1, 1, 31, 28, 0),
(795, 1, 1, 32, 28, 0),
(796, 1, 1, 33, 28, 0),
(797, 1, 1, 34, 28, 0),
(798, 1, 1, 35, 28, 0),
(799, 1, 1, 30, 29, 0),
(800, 1, 1, 31, 29, 0),
(801, 1, 1, 32, 29, 0),
(802, 1, 1, 33, 29, 0),
(803, 1, 1, 34, 29, 0),
(804, 1, 1, 35, 29, 0),
(805, 1, 1, 30, 30, 0),
(806, 1, 1, 31, 30, 0),
(807, 1, 1, 32, 30, 0),
(808, 1, 1, 33, 30, 0),
(809, 1, 1, 34, 30, 0),
(810, 1, 1, 35, 30, 0),
(811, 1, 1, 30, 31, 0),
(812, 1, 1, 31, 31, 0),
(813, 1, 1, 32, 31, 0),
(814, 1, 1, 33, 31, 0),
(815, 1, 1, 34, 31, 0),
(816, 1, 1, 35, 31, 0),
(817, 1, 1, 30, 32, 0),
(818, 1, 1, 31, 32, 0),
(819, 1, 1, 32, 32, 0),
(820, 1, 1, 33, 32, 0),
(821, 1, 1, 34, 32, 0),
(822, 1, 1, 35, 32, 0),
(823, 1, 1, 30, 33, 0),
(824, 1, 1, 31, 33, 0),
(825, 1, 1, 32, 33, 0),
(826, 1, 1, 33, 33, 0),
(827, 1, 1, 34, 33, 0),
(828, 1, 1, 35, 33, 0),
(829, 1, 1, 30, 34, 0),
(830, 1, 1, 31, 34, 0),
(831, 1, 1, 32, 34, 0),
(832, 1, 1, 33, 34, 0),
(833, 1, 1, 34, 34, 0),
(834, 1, 1, 35, 34, 0),
(835, 1, 1, 30, 35, 0),
(836, 1, 1, 31, 35, 0),
(837, 1, 1, 32, 35, 0),
(838, 1, 1, 33, 35, 0),
(839, 1, 1, 34, 35, 0),
(840, 1, 1, 35, 35, 0),
(841, 1, 1, 30, 36, 0),
(842, 1, 1, 31, 36, 0),
(843, 1, 1, 32, 36, 0),
(844, 1, 1, 33, 36, 0),
(845, 1, 1, 34, 36, 0),
(846, 1, 1, 35, 36, 0),
(847, 1, 1, 30, 37, 0),
(848, 1, 1, 31, 37, 0),
(849, 1, 1, 32, 37, 0),
(850, 1, 1, 33, 37, 0),
(851, 1, 1, 34, 37, 0),
(852, 1, 1, 35, 37, 0),
(853, 1, 1, 30, 38, 0),
(854, 1, 1, 31, 38, 0),
(855, 1, 1, 32, 38, 0),
(856, 1, 1, 33, 38, 0),
(857, 1, 1, 34, 38, 0),
(858, 1, 1, 35, 38, 0),
(859, 1, 1, 30, 39, 0),
(860, 1, 1, 31, 39, 0),
(861, 1, 1, 32, 39, 0),
(862, 1, 1, 33, 39, 0),
(863, 1, 1, 34, 39, 0),
(864, 1, 1, 35, 39, 0),
(865, 1, 1, 30, 40, 0),
(866, 1, 1, 31, 40, 0),
(867, 1, 1, 32, 40, 0),
(868, 1, 1, 33, 40, 0),
(869, 1, 1, 34, 40, 0),
(870, 1, 1, 35, 40, 0),
(871, 1, 1, 30, 41, 0),
(872, 1, 1, 31, 41, 0),
(873, 1, 1, 32, 41, 0),
(874, 1, 1, 33, 41, 0),
(875, 1, 1, 34, 41, 0),
(876, 1, 1, 35, 41, 0),
(877, 1, 1, 30, 42, 0),
(878, 1, 1, 31, 42, 0),
(879, 1, 1, 32, 42, 0),
(880, 1, 1, 33, 42, 0),
(881, 1, 1, 34, 42, 0),
(882, 1, 1, 35, 42, 0),
(883, 1, 1, 30, 43, 0),
(884, 1, 1, 31, 43, 0),
(885, 1, 1, 32, 43, 0),
(886, 1, 1, 33, 43, 0),
(887, 1, 1, 34, 43, 0),
(888, 1, 1, 35, 43, 0),
(889, 1, 1, 30, 44, 0),
(890, 1, 1, 31, 44, 0),
(891, 1, 1, 32, 44, 0),
(892, 1, 1, 33, 44, 0),
(893, 1, 1, 34, 44, 0),
(894, 1, 1, 35, 44, 0),
(895, 1, 1, 30, 45, 0),
(896, 1, 1, 31, 45, 0),
(897, 1, 1, 32, 45, 0),
(898, 1, 1, 33, 45, 0),
(899, 1, 1, 34, 45, 0),
(900, 1, 1, 35, 45, 0),
(901, 1, 1, 30, 46, 0),
(902, 1, 1, 31, 46, 0),
(903, 1, 1, 32, 46, 0),
(904, 1, 1, 33, 46, 0),
(905, 1, 1, 34, 46, 0),
(906, 1, 1, 35, 46, 0),
(907, 1, 1, 30, 47, 0),
(908, 1, 1, 31, 47, 0),
(909, 1, 1, 32, 47, 0),
(910, 1, 1, 33, 47, 0),
(911, 1, 1, 34, 47, 0),
(912, 1, 1, 35, 47, 0),
(913, 1, 1, 30, 48, 0),
(914, 1, 1, 31, 48, 0),
(915, 1, 1, 32, 48, 0),
(916, 1, 1, 33, 48, 0),
(917, 1, 1, 34, 48, 0),
(918, 1, 1, 35, 48, 0),
(919, 1, 1, 30, 49, 0),
(920, 1, 1, 31, 49, 0),
(921, 1, 1, 32, 49, 0),
(922, 1, 1, 33, 49, 0),
(923, 1, 1, 34, 49, 0),
(924, 1, 1, 35, 49, 0),
(925, 1, 1, 30, 50, 0),
(926, 1, 1, 31, 50, 0),
(927, 1, 1, 32, 50, 0),
(928, 1, 1, 33, 50, 0),
(929, 1, 1, 34, 50, 0),
(930, 1, 1, 35, 50, 0),
(931, 1, 1, 30, 51, 0),
(932, 1, 1, 31, 51, 0),
(933, 1, 1, 32, 51, 0),
(934, 1, 1, 33, 51, 0),
(935, 1, 1, 34, 51, 0),
(936, 1, 1, 35, 51, 0),
(937, 1, 1, 30, 52, 0),
(938, 1, 1, 31, 52, 0),
(939, 1, 1, 32, 52, 0),
(940, 1, 1, 33, 52, 0),
(941, 1, 1, 34, 52, 0),
(942, 1, 1, 35, 52, 0),
(943, 1, 1, 30, 53, 0),
(944, 1, 1, 31, 53, 0),
(945, 1, 1, 32, 53, 0),
(946, 1, 1, 33, 53, 0),
(947, 1, 1, 34, 53, 0),
(948, 1, 1, 35, 53, 0),
(949, 1, 1, 30, 54, 0),
(950, 1, 1, 31, 54, 0),
(951, 1, 1, 32, 54, 0),
(952, 1, 1, 33, 54, 0),
(953, 1, 1, 34, 54, 0),
(954, 1, 1, 35, 54, 0),
(955, 1, 5, 30, 64, 0),
(956, 1, 5, 31, 64, 0),
(957, 1, 5, 32, 64, 0),
(958, 1, 5, 33, 64, 0),
(959, 1, 5, 34, 64, 0),
(960, 1, 5, 35, 64, 0),
(961, 1, 5, 30, 65, 0),
(962, 1, 5, 31, 65, 0),
(963, 1, 5, 32, 65, 0),
(964, 1, 5, 33, 65, 0),
(965, 1, 5, 34, 65, 0),
(966, 1, 5, 35, 65, 0),
(967, 1, 5, 30, 66, 0),
(968, 1, 5, 31, 66, 0),
(969, 1, 5, 32, 66, 0),
(970, 1, 5, 33, 66, 0),
(971, 1, 5, 34, 66, 0),
(972, 1, 5, 35, 66, 0),
(973, 1, 5, 30, 67, 0),
(974, 1, 5, 31, 67, 0),
(975, 1, 5, 32, 67, 0),
(976, 1, 5, 33, 67, 0),
(977, 1, 5, 34, 67, 0),
(978, 1, 5, 35, 67, 0),
(979, 1, 5, 30, 68, 0),
(980, 1, 5, 31, 68, 0),
(981, 1, 5, 32, 68, 0),
(982, 1, 5, 33, 68, 0),
(983, 1, 5, 34, 68, 0),
(984, 1, 5, 35, 68, 0),
(985, 1, 5, 30, 69, 0),
(986, 1, 5, 31, 69, 0),
(987, 1, 5, 32, 69, 0),
(988, 1, 5, 33, 69, 0),
(989, 1, 5, 34, 69, 0),
(990, 1, 5, 35, 69, 0),
(991, 1, 5, 30, 70, 0),
(992, 1, 5, 31, 70, 0),
(993, 1, 5, 32, 70, 0),
(994, 1, 5, 33, 70, 0),
(995, 1, 5, 34, 70, 0),
(996, 1, 5, 35, 70, 0),
(997, 1, 5, 30, 71, 0),
(998, 1, 5, 31, 71, 0),
(999, 1, 5, 32, 71, 0),
(1000, 1, 5, 33, 71, 0),
(1001, 1, 5, 34, 71, 0),
(1002, 1, 5, 35, 71, 0),
(1003, 1, 5, 30, 72, 0),
(1004, 1, 5, 31, 72, 0),
(1005, 1, 5, 32, 72, 0),
(1006, 1, 5, 33, 72, 0),
(1007, 1, 5, 34, 72, 0),
(1008, 1, 5, 35, 72, 0),
(1009, 1, 5, 30, 73, 0),
(1010, 1, 5, 31, 73, 0),
(1011, 1, 5, 32, 73, 0),
(1012, 1, 5, 33, 73, 0),
(1013, 1, 5, 34, 73, 0),
(1014, 1, 5, 35, 73, 0),
(1015, 1, 5, 30, 74, 0),
(1016, 1, 5, 31, 74, 0),
(1017, 1, 5, 32, 74, 0),
(1018, 1, 5, 33, 74, 0),
(1019, 1, 5, 34, 74, 0),
(1020, 1, 5, 35, 74, 0),
(1021, 1, 5, 30, 75, 0),
(1022, 1, 5, 31, 75, 0),
(1023, 1, 5, 32, 75, 0),
(1024, 1, 5, 33, 75, 0),
(1025, 1, 5, 34, 75, 0),
(1026, 1, 5, 35, 75, 0),
(1027, 1, 5, 30, 76, 0),
(1028, 1, 5, 31, 76, 0),
(1029, 1, 5, 32, 76, 0),
(1030, 1, 5, 33, 76, 0),
(1031, 1, 5, 34, 76, 0),
(1032, 1, 5, 35, 76, 0),
(1033, 1, 5, 30, 77, 0),
(1034, 1, 5, 31, 77, 0),
(1035, 1, 5, 32, 77, 0),
(1036, 1, 5, 33, 77, 0),
(1037, 1, 5, 34, 77, 0),
(1038, 1, 5, 35, 77, 0),
(1039, 1, 5, 30, 78, 0),
(1040, 1, 5, 31, 78, 0),
(1041, 1, 5, 32, 78, 0),
(1042, 1, 5, 33, 78, 0),
(1043, 1, 5, 34, 78, 0),
(1044, 1, 5, 35, 78, 0),
(1045, 1, 5, 30, 79, 0),
(1046, 1, 5, 31, 79, 0),
(1047, 1, 5, 32, 79, 0),
(1048, 1, 5, 33, 79, 0),
(1049, 1, 5, 34, 79, 0),
(1050, 1, 5, 35, 79, 0),
(1051, 1, 5, 30, 80, 0),
(1052, 1, 5, 31, 80, 0),
(1053, 1, 5, 32, 80, 0),
(1054, 1, 5, 33, 80, 0),
(1055, 1, 5, 34, 80, 0),
(1056, 1, 5, 35, 80, 0),
(1057, 1, 5, 30, 81, 0),
(1058, 1, 5, 31, 81, 0),
(1059, 1, 5, 32, 81, 0),
(1060, 1, 5, 33, 81, 0),
(1061, 1, 5, 34, 81, 0),
(1062, 1, 5, 35, 81, 0),
(1063, 1, 5, 30, 82, 0),
(1064, 1, 5, 31, 82, 0),
(1065, 1, 5, 32, 82, 0),
(1066, 1, 5, 33, 82, 0),
(1067, 1, 5, 34, 82, 0),
(1068, 1, 5, 35, 82, 0),
(1069, 1, 5, 30, 83, 0),
(1070, 1, 5, 31, 83, 0),
(1071, 1, 5, 32, 83, 0),
(1072, 1, 5, 33, 83, 0),
(1073, 1, 5, 34, 83, 0),
(1074, 1, 5, 35, 83, 0),
(1075, 1, 5, 30, 84, 0),
(1076, 1, 5, 31, 84, 0),
(1077, 1, 5, 32, 84, 0),
(1078, 1, 5, 33, 84, 0),
(1079, 1, 5, 34, 84, 0),
(1080, 1, 5, 35, 84, 0),
(1081, 1, 5, 30, 85, 0),
(1082, 1, 5, 31, 85, 0),
(1083, 1, 5, 32, 85, 0),
(1084, 1, 5, 33, 85, 0),
(1085, 1, 5, 34, 85, 0),
(1086, 1, 5, 35, 85, 0),
(1087, 1, 5, 30, 86, 0),
(1088, 1, 5, 31, 86, 0),
(1089, 1, 5, 32, 86, 0),
(1090, 1, 5, 33, 86, 0),
(1091, 1, 5, 34, 86, 0),
(1092, 1, 5, 35, 86, 0),
(1093, 1, 5, 30, 87, 0),
(1094, 1, 5, 31, 87, 0),
(1095, 1, 5, 32, 87, 0),
(1096, 1, 5, 33, 87, 0),
(1097, 1, 5, 34, 87, 0),
(1098, 1, 5, 35, 87, 0),
(1099, 1, 5, 30, 88, 0),
(1100, 1, 5, 31, 88, 0),
(1101, 1, 5, 32, 88, 0),
(1102, 1, 5, 33, 88, 0),
(1103, 1, 5, 34, 88, 0),
(1104, 1, 5, 35, 88, 0),
(1105, 1, 5, 30, 89, 0),
(1106, 1, 5, 31, 89, 0),
(1107, 1, 5, 32, 89, 0),
(1108, 1, 5, 33, 89, 0),
(1109, 1, 5, 34, 89, 0),
(1110, 1, 5, 35, 89, 0),
(1111, 1, 5, 30, 90, 0),
(1112, 1, 5, 31, 90, 0),
(1113, 1, 5, 32, 90, 0),
(1114, 1, 5, 33, 90, 0),
(1115, 1, 5, 34, 90, 0),
(1116, 1, 5, 35, 90, 0),
(1117, 1, 5, 30, 55, 0),
(1118, 1, 5, 31, 55, 0),
(1119, 1, 5, 32, 55, 0),
(1120, 1, 5, 33, 55, 0),
(1121, 1, 5, 34, 55, 0),
(1122, 1, 5, 35, 55, 0),
(1123, 1, 5, 30, 56, 0),
(1124, 1, 5, 31, 56, 0),
(1125, 1, 5, 32, 56, 0),
(1126, 1, 5, 33, 56, 0),
(1127, 1, 5, 34, 56, 0),
(1128, 1, 5, 35, 56, 0),
(1129, 1, 5, 30, 57, 0),
(1130, 1, 5, 31, 57, 0),
(1131, 1, 5, 32, 57, 0),
(1132, 1, 5, 33, 57, 0),
(1133, 1, 5, 34, 57, 0),
(1134, 1, 5, 35, 57, 0),
(1135, 1, 5, 30, 58, 0),
(1136, 1, 5, 31, 58, 0),
(1137, 1, 5, 32, 58, 0),
(1138, 1, 5, 33, 58, 0),
(1139, 1, 5, 34, 58, 0),
(1140, 1, 5, 35, 58, 0),
(1141, 1, 5, 30, 59, 0),
(1142, 1, 5, 31, 59, 0),
(1143, 1, 5, 32, 59, 0),
(1144, 1, 5, 33, 59, 0),
(1145, 1, 5, 34, 59, 0),
(1146, 1, 5, 35, 59, 0),
(1147, 1, 5, 30, 60, 0),
(1148, 1, 5, 31, 60, 0),
(1149, 1, 5, 32, 60, 0),
(1150, 1, 5, 33, 60, 0),
(1151, 1, 5, 34, 60, 0),
(1152, 1, 5, 35, 60, 0),
(1153, 1, 5, 30, 61, 0),
(1154, 1, 5, 31, 61, 0),
(1155, 1, 5, 32, 61, 0),
(1156, 1, 5, 33, 61, 0),
(1157, 1, 5, 34, 61, 0),
(1158, 1, 5, 35, 61, 0),
(1159, 1, 5, 30, 62, 0),
(1160, 1, 5, 31, 62, 0),
(1161, 1, 5, 32, 62, 0),
(1162, 1, 5, 33, 62, 0),
(1163, 1, 5, 34, 62, 0),
(1164, 1, 5, 35, 62, 0),
(1165, 1, 5, 30, 63, 0),
(1166, 1, 5, 31, 63, 0),
(1167, 1, 5, 32, 63, 0),
(1168, 1, 5, 33, 63, 0),
(1169, 1, 5, 34, 63, 0),
(1170, 1, 5, 35, 63, 0),
(1171, 2, 1, 30, 1, 0),
(1172, 2, 1, 31, 1, 0),
(1173, 2, 1, 32, 1, 0),
(1174, 2, 1, 33, 1, 0),
(1175, 2, 1, 34, 1, 0),
(1176, 2, 1, 35, 1, 0),
(1177, 2, 1, 30, 2, 0),
(1178, 2, 1, 31, 2, 0),
(1179, 2, 1, 32, 2, 0),
(1180, 2, 1, 33, 2, 0),
(1181, 2, 1, 34, 2, 0),
(1182, 2, 1, 35, 2, 0),
(1183, 2, 1, 30, 3, 0),
(1184, 2, 1, 31, 3, 0),
(1185, 2, 1, 32, 3, 0),
(1186, 2, 1, 33, 3, 0),
(1187, 2, 1, 34, 3, 0),
(1188, 2, 1, 35, 3, 0),
(1189, 2, 1, 30, 4, 0),
(1190, 2, 1, 31, 4, 0),
(1191, 2, 1, 32, 4, 0),
(1192, 2, 1, 33, 4, 0),
(1193, 2, 1, 34, 4, 0),
(1194, 2, 1, 35, 4, 0),
(1195, 2, 1, 30, 5, 0),
(1196, 2, 1, 31, 5, 0),
(1197, 2, 1, 32, 5, 0),
(1198, 2, 1, 33, 5, 0),
(1199, 2, 1, 34, 5, 0),
(1200, 2, 1, 35, 5, 0),
(1201, 2, 1, 30, 6, 0),
(1202, 2, 1, 31, 6, 0),
(1203, 2, 1, 32, 6, 0),
(1204, 2, 1, 33, 6, 0),
(1205, 2, 1, 34, 6, 0),
(1206, 2, 1, 35, 6, 0),
(1207, 2, 1, 30, 7, 0),
(1208, 2, 1, 31, 7, 0),
(1209, 2, 1, 32, 7, 0),
(1210, 2, 1, 33, 7, 0),
(1211, 2, 1, 34, 7, 0),
(1212, 2, 1, 35, 7, 0),
(1213, 2, 1, 30, 8, 0),
(1214, 2, 1, 31, 8, 0),
(1215, 2, 1, 32, 8, 0),
(1216, 2, 1, 33, 8, 0),
(1217, 2, 1, 34, 8, 0),
(1218, 2, 1, 35, 8, 0),
(1219, 2, 1, 30, 9, 0),
(1220, 2, 1, 31, 9, 0),
(1221, 2, 1, 32, 9, 0),
(1222, 2, 1, 33, 9, 0),
(1223, 2, 1, 34, 9, 0),
(1224, 2, 1, 35, 9, 0),
(1225, 2, 1, 30, 10, 0),
(1226, 2, 1, 31, 10, 0),
(1227, 2, 1, 32, 10, 0),
(1228, 2, 1, 33, 10, 0),
(1229, 2, 1, 34, 10, 0),
(1230, 2, 1, 35, 10, 0),
(1231, 2, 1, 30, 11, 0),
(1232, 2, 1, 31, 11, 0),
(1233, 2, 1, 32, 11, 0),
(1234, 2, 1, 33, 11, 0),
(1235, 2, 1, 34, 11, 0),
(1236, 2, 1, 35, 11, 0),
(1237, 2, 1, 30, 12, 0),
(1238, 2, 1, 31, 12, 0),
(1239, 2, 1, 32, 12, 0),
(1240, 2, 1, 33, 12, 0),
(1241, 2, 1, 34, 12, 0),
(1242, 2, 1, 35, 12, 0),
(1243, 2, 1, 30, 13, 0),
(1244, 2, 1, 31, 13, 0),
(1245, 2, 1, 32, 13, 0),
(1246, 2, 1, 33, 13, 0),
(1247, 2, 1, 34, 13, 0),
(1248, 2, 1, 35, 13, 0),
(1249, 2, 1, 30, 14, 0),
(1250, 2, 1, 31, 14, 0),
(1251, 2, 1, 32, 14, 0),
(1252, 2, 1, 33, 14, 0),
(1253, 2, 1, 34, 14, 0),
(1254, 2, 1, 35, 14, 0),
(1255, 2, 1, 30, 15, 0),
(1256, 2, 1, 31, 15, 0),
(1257, 2, 1, 32, 15, 0),
(1258, 2, 1, 33, 15, 0),
(1259, 2, 1, 34, 15, 0),
(1260, 2, 1, 35, 15, 0),
(1261, 2, 1, 30, 16, 0),
(1262, 2, 1, 31, 16, 0),
(1263, 2, 1, 32, 16, 0),
(1264, 2, 1, 33, 16, 0),
(1265, 2, 1, 34, 16, 0),
(1266, 2, 1, 35, 16, 0),
(1267, 2, 1, 30, 17, 0),
(1268, 2, 1, 31, 17, 0),
(1269, 2, 1, 32, 17, 0),
(1270, 2, 1, 33, 17, 0),
(1271, 2, 1, 34, 17, 0),
(1272, 2, 1, 35, 17, 0),
(1273, 2, 1, 30, 18, 0),
(1274, 2, 1, 31, 18, 0),
(1275, 2, 1, 32, 18, 0),
(1276, 2, 1, 33, 18, 0),
(1277, 2, 1, 34, 18, 0),
(1278, 2, 1, 35, 18, 0),
(1279, 2, 1, 30, 19, 0),
(1280, 2, 1, 31, 19, 0),
(1281, 2, 1, 32, 19, 0),
(1282, 2, 1, 33, 19, 0),
(1283, 2, 1, 34, 19, 0),
(1284, 2, 1, 35, 19, 0),
(1285, 2, 1, 30, 20, 0),
(1286, 2, 1, 31, 20, 0),
(1287, 2, 1, 32, 20, 0),
(1288, 2, 1, 33, 20, 0),
(1289, 2, 1, 34, 20, 0),
(1290, 2, 1, 35, 20, 0),
(1291, 2, 1, 30, 21, 0),
(1292, 2, 1, 31, 21, 0),
(1293, 2, 1, 32, 21, 0),
(1294, 2, 1, 33, 21, 0),
(1295, 2, 1, 34, 21, 0),
(1296, 2, 1, 35, 21, 0),
(1297, 2, 1, 30, 22, 0),
(1298, 2, 1, 31, 22, 0),
(1299, 2, 1, 32, 22, 0),
(1300, 2, 1, 33, 22, 0),
(1301, 2, 1, 34, 22, 0),
(1302, 2, 1, 35, 22, 0),
(1303, 2, 1, 30, 23, 0),
(1304, 2, 1, 31, 23, 0),
(1305, 2, 1, 32, 23, 0),
(1306, 2, 1, 33, 23, 0),
(1307, 2, 1, 34, 23, 0),
(1308, 2, 1, 35, 23, 0),
(1309, 2, 1, 30, 24, 0),
(1310, 2, 1, 31, 24, 0),
(1311, 2, 1, 32, 24, 0),
(1312, 2, 1, 33, 24, 0),
(1313, 2, 1, 34, 24, 0),
(1314, 2, 1, 35, 24, 0),
(1315, 2, 1, 30, 25, 0),
(1316, 2, 1, 31, 25, 0),
(1317, 2, 1, 32, 25, 0),
(1318, 2, 1, 33, 25, 0),
(1319, 2, 1, 34, 25, 0),
(1320, 2, 1, 35, 25, 0),
(1321, 2, 1, 30, 26, 0),
(1322, 2, 1, 31, 26, 0),
(1323, 2, 1, 32, 26, 0),
(1324, 2, 1, 33, 26, 0),
(1325, 2, 1, 34, 26, 0),
(1326, 2, 1, 35, 26, 0),
(1327, 2, 1, 30, 27, 0),
(1328, 2, 1, 31, 27, 0),
(1329, 2, 1, 32, 27, 0),
(1330, 2, 1, 33, 27, 0),
(1331, 2, 1, 34, 27, 0),
(1332, 2, 1, 35, 27, 0),
(1333, 2, 1, 30, 28, 0),
(1334, 2, 1, 31, 28, 0),
(1335, 2, 1, 32, 28, 0),
(1336, 2, 1, 33, 28, 0),
(1337, 2, 1, 34, 28, 0),
(1338, 2, 1, 35, 28, 0),
(1339, 2, 1, 30, 29, 0),
(1340, 2, 1, 31, 29, 0),
(1341, 2, 1, 32, 29, 0),
(1342, 2, 1, 33, 29, 0),
(1343, 2, 1, 34, 29, 0),
(1344, 2, 1, 35, 29, 0),
(1345, 2, 1, 30, 30, 0),
(1346, 2, 1, 31, 30, 0),
(1347, 2, 1, 32, 30, 0),
(1348, 2, 1, 33, 30, 0),
(1349, 2, 1, 34, 30, 0),
(1350, 2, 1, 35, 30, 0),
(1351, 2, 1, 30, 31, 0),
(1352, 2, 1, 31, 31, 0),
(1353, 2, 1, 32, 31, 0),
(1354, 2, 1, 33, 31, 0),
(1355, 2, 1, 34, 31, 0),
(1356, 2, 1, 35, 31, 0),
(1357, 2, 1, 30, 32, 0),
(1358, 2, 1, 31, 32, 0),
(1359, 2, 1, 32, 32, 0),
(1360, 2, 1, 33, 32, 0),
(1361, 2, 1, 34, 32, 0),
(1362, 2, 1, 35, 32, 0),
(1363, 2, 1, 30, 33, 0),
(1364, 2, 1, 31, 33, 0),
(1365, 2, 1, 32, 33, 0),
(1366, 2, 1, 33, 33, 0),
(1367, 2, 1, 34, 33, 0),
(1368, 2, 1, 35, 33, 0),
(1369, 2, 1, 30, 34, 0),
(1370, 2, 1, 31, 34, 0),
(1371, 2, 1, 32, 34, 0),
(1372, 2, 1, 33, 34, 0),
(1373, 2, 1, 34, 34, 0),
(1374, 2, 1, 35, 34, 0),
(1375, 2, 1, 30, 35, 0),
(1376, 2, 1, 31, 35, 0),
(1377, 2, 1, 32, 35, 0),
(1378, 2, 1, 33, 35, 0),
(1379, 2, 1, 34, 35, 0),
(1380, 2, 1, 35, 35, 0),
(1381, 2, 1, 30, 36, 0),
(1382, 2, 1, 31, 36, 0),
(1383, 2, 1, 32, 36, 0),
(1384, 2, 1, 33, 36, 0),
(1385, 2, 1, 34, 36, 0),
(1386, 2, 1, 35, 36, 0),
(1387, 2, 1, 30, 37, 0),
(1388, 2, 1, 31, 37, 0),
(1389, 2, 1, 32, 37, 0),
(1390, 2, 1, 33, 37, 0),
(1391, 2, 1, 34, 37, 0),
(1392, 2, 1, 35, 37, 0),
(1393, 2, 1, 30, 38, 0),
(1394, 2, 1, 31, 38, 0),
(1395, 2, 1, 32, 38, 0),
(1396, 2, 1, 33, 38, 0),
(1397, 2, 1, 34, 38, 0),
(1398, 2, 1, 35, 38, 0),
(1399, 2, 1, 30, 39, 0),
(1400, 2, 1, 31, 39, 0),
(1401, 2, 1, 32, 39, 0),
(1402, 2, 1, 33, 39, 0),
(1403, 2, 1, 34, 39, 0),
(1404, 2, 1, 35, 39, 0),
(1405, 2, 1, 30, 40, 0),
(1406, 2, 1, 31, 40, 0),
(1407, 2, 1, 32, 40, 0),
(1408, 2, 1, 33, 40, 0),
(1409, 2, 1, 34, 40, 0),
(1410, 2, 1, 35, 40, 0),
(1411, 2, 1, 30, 41, 0),
(1412, 2, 1, 31, 41, 0),
(1413, 2, 1, 32, 41, 0),
(1414, 2, 1, 33, 41, 0),
(1415, 2, 1, 34, 41, 0),
(1416, 2, 1, 35, 41, 0),
(1417, 2, 1, 30, 42, 0),
(1418, 2, 1, 31, 42, 0),
(1419, 2, 1, 32, 42, 0),
(1420, 2, 1, 33, 42, 0),
(1421, 2, 1, 34, 42, 0),
(1422, 2, 1, 35, 42, 0),
(1423, 2, 1, 30, 43, 0),
(1424, 2, 1, 31, 43, 0),
(1425, 2, 1, 32, 43, 0),
(1426, 2, 1, 33, 43, 0),
(1427, 2, 1, 34, 43, 0),
(1428, 2, 1, 35, 43, 0),
(1429, 2, 1, 30, 44, 0),
(1430, 2, 1, 31, 44, 0),
(1431, 2, 1, 32, 44, 0),
(1432, 2, 1, 33, 44, 0),
(1433, 2, 1, 34, 44, 0),
(1434, 2, 1, 35, 44, 0),
(1435, 2, 1, 30, 45, 0),
(1436, 2, 1, 31, 45, 0),
(1437, 2, 1, 32, 45, 0),
(1438, 2, 1, 33, 45, 0),
(1439, 2, 1, 34, 45, 0),
(1440, 2, 1, 35, 45, 0),
(1441, 2, 1, 30, 46, 0),
(1442, 2, 1, 31, 46, 0),
(1443, 2, 1, 32, 46, 0),
(1444, 2, 1, 33, 46, 0),
(1445, 2, 1, 34, 46, 0),
(1446, 2, 1, 35, 46, 0),
(1447, 2, 1, 30, 47, 0),
(1448, 2, 1, 31, 47, 0),
(1449, 2, 1, 32, 47, 0),
(1450, 2, 1, 33, 47, 0),
(1451, 2, 1, 34, 47, 0),
(1452, 2, 1, 35, 47, 0),
(1453, 2, 1, 30, 48, 0),
(1454, 2, 1, 31, 48, 0),
(1455, 2, 1, 32, 48, 0),
(1456, 2, 1, 33, 48, 0),
(1457, 2, 1, 34, 48, 0),
(1458, 2, 1, 35, 48, 0),
(1459, 2, 1, 30, 49, 0),
(1460, 2, 1, 31, 49, 0),
(1461, 2, 1, 32, 49, 0),
(1462, 2, 1, 33, 49, 0),
(1463, 2, 1, 34, 49, 0),
(1464, 2, 1, 35, 49, 0),
(1465, 2, 1, 30, 50, 0),
(1466, 2, 1, 31, 50, 0),
(1467, 2, 1, 32, 50, 0),
(1468, 2, 1, 33, 50, 0),
(1469, 2, 1, 34, 50, 0),
(1470, 2, 1, 35, 50, 0),
(1471, 2, 1, 30, 51, 0),
(1472, 2, 1, 31, 51, 0),
(1473, 2, 1, 32, 51, 0),
(1474, 2, 1, 33, 51, 0),
(1475, 2, 1, 34, 51, 0),
(1476, 2, 1, 35, 51, 0),
(1477, 2, 1, 30, 52, 0),
(1478, 2, 1, 31, 52, 0),
(1479, 2, 1, 32, 52, 0),
(1480, 2, 1, 33, 52, 0),
(1481, 2, 1, 34, 52, 0),
(1482, 2, 1, 35, 52, 0),
(1483, 2, 1, 30, 53, 0),
(1484, 2, 1, 31, 53, 0),
(1485, 2, 1, 32, 53, 0),
(1486, 2, 1, 33, 53, 0),
(1487, 2, 1, 34, 53, 0),
(1488, 2, 1, 35, 53, 0),
(1489, 2, 1, 30, 54, 0),
(1490, 2, 1, 31, 54, 0),
(1491, 2, 1, 32, 54, 0),
(1492, 2, 1, 33, 54, 0),
(1493, 2, 1, 34, 54, 0),
(1494, 2, 1, 35, 54, 0),
(1495, 2, 5, 30, 64, 0),
(1496, 2, 5, 31, 64, 0),
(1497, 2, 5, 32, 64, 0),
(1498, 2, 5, 33, 64, 0),
(1499, 2, 5, 34, 64, 0),
(1500, 2, 5, 35, 64, 0),
(1501, 2, 5, 30, 65, 0),
(1502, 2, 5, 31, 65, 0),
(1503, 2, 5, 32, 65, 0),
(1504, 2, 5, 33, 65, 0),
(1505, 2, 5, 34, 65, 0),
(1506, 2, 5, 35, 65, 0),
(1507, 2, 5, 30, 66, 0),
(1508, 2, 5, 31, 66, 0),
(1509, 2, 5, 32, 66, 0),
(1510, 2, 5, 33, 66, 0),
(1511, 2, 5, 34, 66, 0),
(1512, 2, 5, 35, 66, 0),
(1513, 2, 5, 30, 67, 0),
(1514, 2, 5, 31, 67, 0),
(1515, 2, 5, 32, 67, 0),
(1516, 2, 5, 33, 67, 0),
(1517, 2, 5, 34, 67, 0),
(1518, 2, 5, 35, 67, 0),
(1519, 2, 5, 30, 68, 0),
(1520, 2, 5, 31, 68, 0),
(1521, 2, 5, 32, 68, 0),
(1522, 2, 5, 33, 68, 0),
(1523, 2, 5, 34, 68, 0),
(1524, 2, 5, 35, 68, 0),
(1525, 2, 5, 30, 69, 0),
(1526, 2, 5, 31, 69, 0),
(1527, 2, 5, 32, 69, 0),
(1528, 2, 5, 33, 69, 0),
(1529, 2, 5, 34, 69, 0),
(1530, 2, 5, 35, 69, 0),
(1531, 2, 5, 30, 70, 0),
(1532, 2, 5, 31, 70, 0),
(1533, 2, 5, 32, 70, 0),
(1534, 2, 5, 33, 70, 0),
(1535, 2, 5, 34, 70, 0),
(1536, 2, 5, 35, 70, 0),
(1537, 2, 5, 30, 71, 0),
(1538, 2, 5, 31, 71, 0),
(1539, 2, 5, 32, 71, 0),
(1540, 2, 5, 33, 71, 0),
(1541, 2, 5, 34, 71, 0),
(1542, 2, 5, 35, 71, 0),
(1543, 2, 5, 30, 72, 0),
(1544, 2, 5, 31, 72, 0),
(1545, 2, 5, 32, 72, 0),
(1546, 2, 5, 33, 72, 0),
(1547, 2, 5, 34, 72, 0),
(1548, 2, 5, 35, 72, 0),
(1549, 2, 5, 30, 73, 0),
(1550, 2, 5, 31, 73, 0),
(1551, 2, 5, 32, 73, 0),
(1552, 2, 5, 33, 73, 0),
(1553, 2, 5, 34, 73, 0),
(1554, 2, 5, 35, 73, 0),
(1555, 2, 5, 30, 74, 0),
(1556, 2, 5, 31, 74, 0),
(1557, 2, 5, 32, 74, 0),
(1558, 2, 5, 33, 74, 0),
(1559, 2, 5, 34, 74, 0),
(1560, 2, 5, 35, 74, 0),
(1561, 2, 5, 30, 75, 0),
(1562, 2, 5, 31, 75, 0),
(1563, 2, 5, 32, 75, 0),
(1564, 2, 5, 33, 75, 0),
(1565, 2, 5, 34, 75, 0),
(1566, 2, 5, 35, 75, 0),
(1567, 2, 5, 30, 76, 0),
(1568, 2, 5, 31, 76, 0),
(1569, 2, 5, 32, 76, 0),
(1570, 2, 5, 33, 76, 0),
(1571, 2, 5, 34, 76, 0),
(1572, 2, 5, 35, 76, 0),
(1573, 2, 5, 30, 77, 0),
(1574, 2, 5, 31, 77, 0),
(1575, 2, 5, 32, 77, 0),
(1576, 2, 5, 33, 77, 0),
(1577, 2, 5, 34, 77, 0),
(1578, 2, 5, 35, 77, 0),
(1579, 2, 5, 30, 78, 0),
(1580, 2, 5, 31, 78, 0),
(1581, 2, 5, 32, 78, 0),
(1582, 2, 5, 33, 78, 0),
(1583, 2, 5, 34, 78, 0),
(1584, 2, 5, 35, 78, 0),
(1585, 2, 5, 30, 79, 0),
(1586, 2, 5, 31, 79, 0),
(1587, 2, 5, 32, 79, 0),
(1588, 2, 5, 33, 79, 0),
(1589, 2, 5, 34, 79, 0),
(1590, 2, 5, 35, 79, 0),
(1591, 2, 5, 30, 80, 0),
(1592, 2, 5, 31, 80, 0),
(1593, 2, 5, 32, 80, 0),
(1594, 2, 5, 33, 80, 0),
(1595, 2, 5, 34, 80, 0),
(1596, 2, 5, 35, 80, 0),
(1597, 2, 5, 30, 81, 0),
(1598, 2, 5, 31, 81, 0),
(1599, 2, 5, 32, 81, 0),
(1600, 2, 5, 33, 81, 0),
(1601, 2, 5, 34, 81, 0),
(1602, 2, 5, 35, 81, 0),
(1603, 2, 5, 30, 82, 0),
(1604, 2, 5, 31, 82, 0),
(1605, 2, 5, 32, 82, 0),
(1606, 2, 5, 33, 82, 0),
(1607, 2, 5, 34, 82, 0),
(1608, 2, 5, 35, 82, 0),
(1609, 2, 5, 30, 83, 0),
(1610, 2, 5, 31, 83, 0),
(1611, 2, 5, 32, 83, 0),
(1612, 2, 5, 33, 83, 0),
(1613, 2, 5, 34, 83, 0),
(1614, 2, 5, 35, 83, 0),
(1615, 2, 5, 30, 84, 0),
(1616, 2, 5, 31, 84, 0),
(1617, 2, 5, 32, 84, 0),
(1618, 2, 5, 33, 84, 0),
(1619, 2, 5, 34, 84, 0),
(1620, 2, 5, 35, 84, 0),
(1621, 2, 5, 30, 85, 0),
(1622, 2, 5, 31, 85, 0),
(1623, 2, 5, 32, 85, 0),
(1624, 2, 5, 33, 85, 0),
(1625, 2, 5, 34, 85, 0),
(1626, 2, 5, 35, 85, 0),
(1627, 2, 5, 30, 86, 0),
(1628, 2, 5, 31, 86, 0),
(1629, 2, 5, 32, 86, 0),
(1630, 2, 5, 33, 86, 0),
(1631, 2, 5, 34, 86, 0),
(1632, 2, 5, 35, 86, 0),
(1633, 2, 5, 30, 87, 0),
(1634, 2, 5, 31, 87, 0),
(1635, 2, 5, 32, 87, 0),
(1636, 2, 5, 33, 87, 0),
(1637, 2, 5, 34, 87, 0),
(1638, 2, 5, 35, 87, 0),
(1639, 2, 5, 30, 88, 0),
(1640, 2, 5, 31, 88, 0),
(1641, 2, 5, 32, 88, 0),
(1642, 2, 5, 33, 88, 0),
(1643, 2, 5, 34, 88, 0),
(1644, 2, 5, 35, 88, 0),
(1645, 2, 5, 30, 89, 0),
(1646, 2, 5, 31, 89, 0),
(1647, 2, 5, 32, 89, 0),
(1648, 2, 5, 33, 89, 0),
(1649, 2, 5, 34, 89, 0),
(1650, 2, 5, 35, 89, 0),
(1651, 2, 5, 30, 90, 0),
(1652, 2, 5, 31, 90, 0),
(1653, 2, 5, 32, 90, 0),
(1654, 2, 5, 33, 90, 0),
(1655, 2, 5, 34, 90, 0),
(1656, 2, 5, 35, 90, 0),
(1657, 2, 5, 30, 55, 0),
(1658, 2, 5, 31, 55, 0),
(1659, 2, 5, 32, 55, 0),
(1660, 2, 5, 33, 55, 0),
(1661, 2, 5, 34, 55, 0),
(1662, 2, 5, 35, 55, 0),
(1663, 2, 5, 30, 56, 0),
(1664, 2, 5, 31, 56, 0),
(1665, 2, 5, 32, 56, 0),
(1666, 2, 5, 33, 56, 0),
(1667, 2, 5, 34, 56, 0),
(1668, 2, 5, 35, 56, 0),
(1669, 2, 5, 30, 57, 0),
(1670, 2, 5, 31, 57, 0),
(1671, 2, 5, 32, 57, 0),
(1672, 2, 5, 33, 57, 0),
(1673, 2, 5, 34, 57, 0),
(1674, 2, 5, 35, 57, 0),
(1675, 2, 5, 30, 58, 0),
(1676, 2, 5, 31, 58, 0),
(1677, 2, 5, 32, 58, 0),
(1678, 2, 5, 33, 58, 0),
(1679, 2, 5, 34, 58, 0),
(1680, 2, 5, 35, 58, 0),
(1681, 2, 5, 30, 59, 0),
(1682, 2, 5, 31, 59, 0),
(1683, 2, 5, 32, 59, 0),
(1684, 2, 5, 33, 59, 0),
(1685, 2, 5, 34, 59, 0),
(1686, 2, 5, 35, 59, 0),
(1687, 2, 5, 30, 60, 0),
(1688, 2, 5, 31, 60, 0),
(1689, 2, 5, 32, 60, 0),
(1690, 2, 5, 33, 60, 0),
(1691, 2, 5, 34, 60, 0),
(1692, 2, 5, 35, 60, 0),
(1693, 2, 5, 30, 61, 0),
(1694, 2, 5, 31, 61, 0),
(1695, 2, 5, 32, 61, 0),
(1696, 2, 5, 33, 61, 0),
(1697, 2, 5, 34, 61, 0),
(1698, 2, 5, 35, 61, 0),
(1699, 2, 5, 30, 62, 0),
(1700, 2, 5, 31, 62, 0),
(1701, 2, 5, 32, 62, 0),
(1702, 2, 5, 33, 62, 0),
(1703, 2, 5, 34, 62, 0),
(1704, 2, 5, 35, 62, 0),
(1705, 2, 5, 30, 63, 0),
(1706, 2, 5, 31, 63, 0),
(1707, 2, 5, 32, 63, 0),
(1708, 2, 5, 33, 63, 0),
(1709, 2, 5, 34, 63, 0),
(1710, 2, 5, 35, 63, 0),
(1927, 10, 1, 51, 1, 0),
(1928, 10, 1, 51, 2, 0),
(1929, 10, 1, 51, 3, 0),
(1930, 10, 1, 51, 4, 0),
(1931, 10, 1, 51, 5, 0),
(1932, 10, 1, 51, 6, 0),
(1933, 10, 1, 51, 7, 0),
(1934, 10, 1, 51, 8, 0),
(1935, 10, 1, 51, 9, 0),
(1936, 10, 1, 51, 10, 0),
(1937, 10, 1, 51, 11, 0),
(1938, 10, 1, 51, 12, 0),
(1939, 10, 1, 51, 13, 0),
(1940, 10, 1, 51, 14, 0),
(1941, 10, 1, 51, 15, 0),
(1942, 10, 1, 51, 16, 0),
(1943, 10, 1, 51, 17, 0),
(1944, 10, 1, 51, 18, 0),
(1945, 10, 1, 51, 19, 0),
(1946, 10, 1, 51, 20, 0),
(1947, 10, 1, 51, 21, 0),
(1948, 10, 1, 51, 22, 0),
(1949, 10, 1, 51, 23, 0),
(1950, 10, 1, 51, 24, 0),
(1951, 10, 1, 51, 25, 0),
(1952, 10, 1, 51, 26, 0),
(1953, 10, 1, 51, 27, 0),
(1954, 10, 1, 51, 28, 0),
(1955, 10, 1, 51, 29, 0),
(1956, 10, 1, 51, 30, 0),
(1957, 10, 1, 51, 31, 0),
(1958, 10, 1, 51, 32, 0),
(1959, 10, 1, 51, 33, 0),
(1960, 10, 1, 51, 34, 0),
(1961, 10, 1, 51, 35, 0),
(1962, 10, 1, 51, 36, 0),
(1963, 10, 1, 51, 37, 0),
(1964, 10, 1, 51, 38, 0),
(1965, 10, 1, 51, 39, 0),
(1966, 10, 1, 51, 40, 0),
(1967, 10, 1, 51, 41, 0),
(1968, 10, 1, 51, 42, 0),
(1969, 10, 1, 51, 43, 0),
(1970, 10, 1, 51, 44, 0),
(1971, 10, 1, 51, 45, 0),
(1972, 10, 1, 51, 46, 0),
(1973, 10, 1, 51, 47, 0),
(1974, 10, 1, 51, 48, 0),
(1975, 10, 1, 51, 49, 0),
(1976, 10, 1, 51, 50, 0),
(1977, 10, 1, 51, 51, 0),
(1978, 10, 1, 51, 52, 0),
(1979, 10, 1, 51, 53, 0),
(1980, 10, 1, 51, 54, 0),
(1981, 10, 19, 51, 96, 0),
(1982, 10, 19, 51, 97, 0),
(1983, 10, 19, 51, 98, 0),
(1984, 10, 19, 51, 99, 0),
(1985, 10, 19, 51, 100, 0),
(1986, 10, 19, 51, 101, 0),
(1987, 10, 19, 51, 102, 0),
(1988, 10, 19, 51, 103, 0),
(1989, 10, 19, 51, 104, 0),
(1990, 10, 19, 51, 105, 0),
(1991, 10, 19, 51, 106, 0),
(1992, 10, 19, 51, 107, 0),
(1993, 10, 19, 51, 108, 0),
(1994, 10, 19, 51, 91, 0),
(1995, 10, 19, 51, 92, 0),
(1996, 10, 19, 51, 93, 0),
(1997, 10, 19, 51, 94, 0),
(1998, 10, 19, 51, 95, 0),
(1999, 10, 5, 51, 64, 0),
(2000, 10, 5, 51, 65, 0),
(2001, 10, 5, 51, 66, 0),
(2002, 10, 5, 51, 67, 0),
(2003, 10, 5, 51, 68, 0),
(2004, 10, 5, 51, 69, 0),
(2005, 10, 5, 51, 70, 0),
(2006, 10, 5, 51, 71, 0),
(2007, 10, 5, 51, 72, 0),
(2008, 10, 5, 51, 73, 0),
(2009, 10, 5, 51, 74, 0),
(2010, 10, 5, 51, 75, 0),
(2011, 10, 5, 51, 76, 0),
(2012, 10, 5, 51, 77, 0),
(2013, 10, 5, 51, 78, 0),
(2014, 10, 5, 51, 79, 0),
(2015, 10, 5, 51, 80, 0),
(2016, 10, 5, 51, 81, 0),
(2017, 10, 5, 51, 82, 0),
(2018, 10, 5, 51, 83, 0),
(2019, 10, 5, 51, 84, 0),
(2020, 10, 5, 51, 85, 0),
(2021, 10, 5, 51, 86, 0),
(2022, 10, 5, 51, 87, 0),
(2023, 10, 5, 51, 88, 0),
(2024, 10, 5, 51, 89, 0),
(2025, 10, 5, 51, 90, 0),
(2026, 10, 5, 51, 55, 0),
(2027, 10, 5, 51, 56, 0),
(2028, 10, 5, 51, 57, 0),
(2029, 10, 5, 51, 58, 0),
(2030, 10, 5, 51, 59, 0),
(2031, 10, 5, 51, 60, 0),
(2032, 10, 5, 51, 61, 0),
(2033, 10, 5, 51, 62, 0),
(2034, 10, 5, 51, 63, 0),
(2035, 11, 1, 33, 1, 0),
(2036, 11, 1, 30, 1, 0),
(2037, 11, 1, 31, 1, 0),
(2038, 11, 1, 34, 1, 0),
(2039, 11, 1, 35, 1, 0),
(2040, 11, 1, 32, 1, 0),
(2041, 11, 1, 33, 2, 0),
(2042, 11, 1, 30, 2, 0),
(2043, 11, 1, 31, 2, 0),
(2044, 11, 1, 34, 2, 0),
(2045, 11, 1, 35, 2, 0),
(2046, 11, 1, 32, 2, 0),
(2047, 11, 1, 33, 3, 0),
(2048, 11, 1, 30, 3, 0),
(2049, 11, 1, 31, 3, 0),
(2050, 11, 1, 34, 3, 0),
(2051, 11, 1, 35, 3, 0),
(2052, 11, 1, 32, 3, 0),
(2053, 11, 1, 33, 4, 0),
(2054, 11, 1, 30, 4, 0),
(2055, 11, 1, 31, 4, 0),
(2056, 11, 1, 34, 4, 0),
(2057, 11, 1, 35, 4, 0),
(2058, 11, 1, 32, 4, 0),
(2059, 11, 1, 33, 5, 0),
(2060, 11, 1, 30, 5, 0),
(2061, 11, 1, 31, 5, 0),
(2062, 11, 1, 34, 5, 0),
(2063, 11, 1, 35, 5, 0),
(2064, 11, 1, 32, 5, 0),
(2065, 11, 1, 33, 6, 0),
(2066, 11, 1, 30, 6, 0),
(2067, 11, 1, 31, 6, 0),
(2068, 11, 1, 34, 6, 0),
(2069, 11, 1, 35, 6, 0),
(2070, 11, 1, 32, 6, 0),
(2071, 11, 1, 33, 7, 0),
(2072, 11, 1, 30, 7, 0),
(2073, 11, 1, 31, 7, 0),
(2074, 11, 1, 34, 7, 0),
(2075, 11, 1, 35, 7, 0),
(2076, 11, 1, 32, 7, 0),
(2077, 11, 1, 33, 8, 0),
(2078, 11, 1, 30, 8, 0),
(2079, 11, 1, 31, 8, 0),
(2080, 11, 1, 34, 8, 0),
(2081, 11, 1, 35, 8, 0),
(2082, 11, 1, 32, 8, 0),
(2083, 11, 1, 33, 9, 0),
(2084, 11, 1, 30, 9, 0),
(2085, 11, 1, 31, 9, 0),
(2086, 11, 1, 34, 9, 0),
(2087, 11, 1, 35, 9, 0),
(2088, 11, 1, 32, 9, 0),
(2089, 11, 1, 33, 10, 0),
(2090, 11, 1, 30, 10, 0),
(2091, 11, 1, 31, 10, 0),
(2092, 11, 1, 34, 10, 0),
(2093, 11, 1, 35, 10, 0),
(2094, 11, 1, 32, 10, 0),
(2095, 11, 1, 33, 11, 0),
(2096, 11, 1, 30, 11, 0),
(2097, 11, 1, 31, 11, 0),
(2098, 11, 1, 34, 11, 0),
(2099, 11, 1, 35, 11, 0),
(2100, 11, 1, 32, 11, 0),
(2101, 11, 1, 33, 12, 0),
(2102, 11, 1, 30, 12, 0),
(2103, 11, 1, 31, 12, 0),
(2104, 11, 1, 34, 12, 0),
(2105, 11, 1, 35, 12, 0),
(2106, 11, 1, 32, 12, 0),
(2107, 11, 1, 33, 13, 0),
(2108, 11, 1, 30, 13, 0),
(2109, 11, 1, 31, 13, 0),
(2110, 11, 1, 34, 13, 0),
(2111, 11, 1, 35, 13, 0),
(2112, 11, 1, 32, 13, 0),
(2113, 11, 1, 33, 14, 0),
(2114, 11, 1, 30, 14, 0),
(2115, 11, 1, 31, 14, 0),
(2116, 11, 1, 34, 14, 0),
(2117, 11, 1, 35, 14, 0),
(2118, 11, 1, 32, 14, 0),
(2119, 11, 1, 33, 15, 0),
(2120, 11, 1, 30, 15, 0),
(2121, 11, 1, 31, 15, 0),
(2122, 11, 1, 34, 15, 0),
(2123, 11, 1, 35, 15, 0),
(2124, 11, 1, 32, 15, 0),
(2125, 11, 1, 33, 16, 0),
(2126, 11, 1, 30, 16, 0),
(2127, 11, 1, 31, 16, 0),
(2128, 11, 1, 34, 16, 0),
(2129, 11, 1, 35, 16, 0),
(2130, 11, 1, 32, 16, 0),
(2131, 11, 1, 33, 17, 0),
(2132, 11, 1, 30, 17, 0),
(2133, 11, 1, 31, 17, 0),
(2134, 11, 1, 34, 17, 0),
(2135, 11, 1, 35, 17, 0),
(2136, 11, 1, 32, 17, 0),
(2137, 11, 1, 33, 18, 0),
(2138, 11, 1, 30, 18, 0),
(2139, 11, 1, 31, 18, 0),
(2140, 11, 1, 34, 18, 0),
(2141, 11, 1, 35, 18, 0),
(2142, 11, 1, 32, 18, 0),
(2143, 11, 1, 33, 19, 0),
(2144, 11, 1, 30, 19, 0),
(2145, 11, 1, 31, 19, 0),
(2146, 11, 1, 34, 19, 0),
(2147, 11, 1, 35, 19, 0),
(2148, 11, 1, 32, 19, 0),
(2149, 11, 1, 33, 20, 0),
(2150, 11, 1, 30, 20, 0),
(2151, 11, 1, 31, 20, 0),
(2152, 11, 1, 34, 20, 0),
(2153, 11, 1, 35, 20, 0),
(2154, 11, 1, 32, 20, 0),
(2155, 11, 1, 33, 21, 0),
(2156, 11, 1, 30, 21, 0),
(2157, 11, 1, 31, 21, 0),
(2158, 11, 1, 34, 21, 0),
(2159, 11, 1, 35, 21, 0),
(2160, 11, 1, 32, 21, 0),
(2161, 11, 1, 33, 22, 0),
(2162, 11, 1, 30, 22, 0),
(2163, 11, 1, 31, 22, 0),
(2164, 11, 1, 34, 22, 0),
(2165, 11, 1, 35, 22, 0),
(2166, 11, 1, 32, 22, 0),
(2167, 11, 1, 33, 23, 0),
(2168, 11, 1, 30, 23, 0),
(2169, 11, 1, 31, 23, 0),
(2170, 11, 1, 34, 23, 0),
(2171, 11, 1, 35, 23, 0),
(2172, 11, 1, 32, 23, 0),
(2173, 11, 1, 33, 24, 0),
(2174, 11, 1, 30, 24, 0),
(2175, 11, 1, 31, 24, 0),
(2176, 11, 1, 34, 24, 0),
(2177, 11, 1, 35, 24, 0),
(2178, 11, 1, 32, 24, 0),
(2179, 11, 1, 33, 25, 0),
(2180, 11, 1, 30, 25, 0),
(2181, 11, 1, 31, 25, 0),
(2182, 11, 1, 34, 25, 0),
(2183, 11, 1, 35, 25, 0),
(2184, 11, 1, 32, 25, 0),
(2185, 11, 1, 33, 26, 0),
(2186, 11, 1, 30, 26, 0),
(2187, 11, 1, 31, 26, 0),
(2188, 11, 1, 34, 26, 0),
(2189, 11, 1, 35, 26, 0),
(2190, 11, 1, 32, 26, 0),
(2191, 11, 1, 33, 27, 0),
(2192, 11, 1, 30, 27, 0),
(2193, 11, 1, 31, 27, 0),
(2194, 11, 1, 34, 27, 0),
(2195, 11, 1, 35, 27, 0),
(2196, 11, 1, 32, 27, 0),
(2197, 11, 1, 33, 28, 0),
(2198, 11, 1, 30, 28, 0),
(2199, 11, 1, 31, 28, 0),
(2200, 11, 1, 34, 28, 0),
(2201, 11, 1, 35, 28, 0),
(2202, 11, 1, 32, 28, 0),
(2203, 11, 1, 33, 29, 0),
(2204, 11, 1, 30, 29, 0),
(2205, 11, 1, 31, 29, 0),
(2206, 11, 1, 34, 29, 0),
(2207, 11, 1, 35, 29, 0),
(2208, 11, 1, 32, 29, 0),
(2209, 11, 1, 33, 30, 0),
(2210, 11, 1, 30, 30, 0),
(2211, 11, 1, 31, 30, 0),
(2212, 11, 1, 34, 30, 0),
(2213, 11, 1, 35, 30, 0),
(2214, 11, 1, 32, 30, 0),
(2215, 11, 1, 33, 31, 0),
(2216, 11, 1, 30, 31, 0),
(2217, 11, 1, 31, 31, 0),
(2218, 11, 1, 34, 31, 0),
(2219, 11, 1, 35, 31, 0),
(2220, 11, 1, 32, 31, 0),
(2221, 11, 1, 33, 32, 0),
(2222, 11, 1, 30, 32, 0),
(2223, 11, 1, 31, 32, 0),
(2224, 11, 1, 34, 32, 0),
(2225, 11, 1, 35, 32, 0),
(2226, 11, 1, 32, 32, 0),
(2227, 11, 1, 33, 33, 0),
(2228, 11, 1, 30, 33, 0),
(2229, 11, 1, 31, 33, 0),
(2230, 11, 1, 34, 33, 0),
(2231, 11, 1, 35, 33, 0),
(2232, 11, 1, 32, 33, 0),
(2233, 11, 1, 33, 34, 0),
(2234, 11, 1, 30, 34, 0),
(2235, 11, 1, 31, 34, 0),
(2236, 11, 1, 34, 34, 0),
(2237, 11, 1, 35, 34, 0),
(2238, 11, 1, 32, 34, 0),
(2239, 11, 1, 33, 35, 0),
(2240, 11, 1, 30, 35, 0),
(2241, 11, 1, 31, 35, 0),
(2242, 11, 1, 34, 35, 0),
(2243, 11, 1, 35, 35, 0),
(2244, 11, 1, 32, 35, 0),
(2245, 11, 1, 33, 36, 0),
(2246, 11, 1, 30, 36, 0),
(2247, 11, 1, 31, 36, 0),
(2248, 11, 1, 34, 36, 0),
(2249, 11, 1, 35, 36, 0),
(2250, 11, 1, 32, 36, 0),
(2251, 11, 1, 33, 37, 0),
(2252, 11, 1, 30, 37, 0),
(2253, 11, 1, 31, 37, 0),
(2254, 11, 1, 34, 37, 0),
(2255, 11, 1, 35, 37, 0),
(2256, 11, 1, 32, 37, 0),
(2257, 11, 1, 33, 38, 0),
(2258, 11, 1, 30, 38, 0),
(2259, 11, 1, 31, 38, 0),
(2260, 11, 1, 34, 38, 0),
(2261, 11, 1, 35, 38, 0),
(2262, 11, 1, 32, 38, 0),
(2263, 11, 1, 33, 39, 0),
(2264, 11, 1, 30, 39, 0),
(2265, 11, 1, 31, 39, 0),
(2266, 11, 1, 34, 39, 0),
(2267, 11, 1, 35, 39, 0),
(2268, 11, 1, 32, 39, 0),
(2269, 11, 1, 33, 40, 0),
(2270, 11, 1, 30, 40, 0),
(2271, 11, 1, 31, 40, 0),
(2272, 11, 1, 34, 40, 0),
(2273, 11, 1, 35, 40, 0),
(2274, 11, 1, 32, 40, 0),
(2275, 11, 1, 33, 41, 0),
(2276, 11, 1, 30, 41, 0),
(2277, 11, 1, 31, 41, 0),
(2278, 11, 1, 34, 41, 0),
(2279, 11, 1, 35, 41, 0),
(2280, 11, 1, 32, 41, 0),
(2281, 11, 1, 33, 42, 0),
(2282, 11, 1, 30, 42, 0),
(2283, 11, 1, 31, 42, 0),
(2284, 11, 1, 34, 42, 0),
(2285, 11, 1, 35, 42, 0),
(2286, 11, 1, 32, 42, 0),
(2287, 11, 1, 33, 43, 0),
(2288, 11, 1, 30, 43, 0),
(2289, 11, 1, 31, 43, 0),
(2290, 11, 1, 34, 43, 0),
(2291, 11, 1, 35, 43, 0),
(2292, 11, 1, 32, 43, 0),
(2293, 11, 1, 33, 44, 0),
(2294, 11, 1, 30, 44, 0),
(2295, 11, 1, 31, 44, 0),
(2296, 11, 1, 34, 44, 0),
(2297, 11, 1, 35, 44, 0),
(2298, 11, 1, 32, 44, 0),
(2299, 11, 1, 33, 45, 0),
(2300, 11, 1, 30, 45, 0),
(2301, 11, 1, 31, 45, 0),
(2302, 11, 1, 34, 45, 0),
(2303, 11, 1, 35, 45, 0),
(2304, 11, 1, 32, 45, 0),
(2305, 11, 1, 33, 46, 0),
(2306, 11, 1, 30, 46, 0),
(2307, 11, 1, 31, 46, 0),
(2308, 11, 1, 34, 46, 0),
(2309, 11, 1, 35, 46, 0),
(2310, 11, 1, 32, 46, 0),
(2311, 11, 1, 33, 47, 0),
(2312, 11, 1, 30, 47, 0),
(2313, 11, 1, 31, 47, 0),
(2314, 11, 1, 34, 47, 0),
(2315, 11, 1, 35, 47, 0),
(2316, 11, 1, 32, 47, 0),
(2317, 11, 1, 33, 48, 0),
(2318, 11, 1, 30, 48, 0),
(2319, 11, 1, 31, 48, 0),
(2320, 11, 1, 34, 48, 0),
(2321, 11, 1, 35, 48, 0),
(2322, 11, 1, 32, 48, 0),
(2323, 11, 1, 33, 49, 0),
(2324, 11, 1, 30, 49, 0),
(2325, 11, 1, 31, 49, 0),
(2326, 11, 1, 34, 49, 0),
(2327, 11, 1, 35, 49, 0),
(2328, 11, 1, 32, 49, 0),
(2329, 11, 1, 33, 50, 0),
(2330, 11, 1, 30, 50, 0),
(2331, 11, 1, 31, 50, 0),
(2332, 11, 1, 34, 50, 0),
(2333, 11, 1, 35, 50, 0),
(2334, 11, 1, 32, 50, 0),
(2335, 11, 1, 33, 51, 0),
(2336, 11, 1, 30, 51, 0),
(2337, 11, 1, 31, 51, 0),
(2338, 11, 1, 34, 51, 0),
(2339, 11, 1, 35, 51, 0),
(2340, 11, 1, 32, 51, 0),
(2341, 11, 1, 33, 52, 0),
(2342, 11, 1, 30, 52, 0),
(2343, 11, 1, 31, 52, 0),
(2344, 11, 1, 34, 52, 0),
(2345, 11, 1, 35, 52, 0),
(2346, 11, 1, 32, 52, 0),
(2347, 11, 1, 33, 53, 0),
(2348, 11, 1, 30, 53, 0),
(2349, 11, 1, 31, 53, 0),
(2350, 11, 1, 34, 53, 0),
(2351, 11, 1, 35, 53, 0),
(2352, 11, 1, 32, 53, 0),
(2353, 11, 1, 33, 54, 0),
(2354, 11, 1, 30, 54, 0),
(2355, 11, 1, 31, 54, 0),
(2356, 11, 1, 34, 54, 0),
(2357, 11, 1, 35, 54, 0),
(2358, 11, 1, 32, 54, 0),
(2359, 11, 19, 33, 96, 0),
(2360, 11, 19, 30, 96, 0),
(2361, 11, 19, 31, 96, 0),
(2362, 11, 19, 34, 96, 0),
(2363, 11, 19, 35, 96, 0),
(2364, 11, 19, 32, 96, 0),
(2365, 11, 19, 33, 97, 0),
(2366, 11, 19, 30, 97, 0),
(2367, 11, 19, 31, 97, 0),
(2368, 11, 19, 34, 97, 0),
(2369, 11, 19, 35, 97, 0),
(2370, 11, 19, 32, 97, 0),
(2371, 11, 19, 33, 98, 0),
(2372, 11, 19, 30, 98, 0),
(2373, 11, 19, 31, 98, 0),
(2374, 11, 19, 34, 98, 0),
(2375, 11, 19, 35, 98, 0),
(2376, 11, 19, 32, 98, 0),
(2377, 11, 19, 33, 99, 0),
(2378, 11, 19, 30, 99, 0),
(2379, 11, 19, 31, 99, 0),
(2380, 11, 19, 34, 99, 0),
(2381, 11, 19, 35, 99, 0),
(2382, 11, 19, 32, 99, 0),
(2383, 11, 19, 33, 100, 0),
(2384, 11, 19, 30, 100, 0),
(2385, 11, 19, 31, 100, 0),
(2386, 11, 19, 34, 100, 0),
(2387, 11, 19, 35, 100, 0),
(2388, 11, 19, 32, 100, 0),
(2389, 11, 19, 33, 101, 0),
(2390, 11, 19, 30, 101, 0),
(2391, 11, 19, 31, 101, 0),
(2392, 11, 19, 34, 101, 0),
(2393, 11, 19, 35, 101, 0),
(2394, 11, 19, 32, 101, 0),
(2395, 11, 19, 33, 102, 0),
(2396, 11, 19, 30, 102, 0),
(2397, 11, 19, 31, 102, 0),
(2398, 11, 19, 34, 102, 0),
(2399, 11, 19, 35, 102, 0),
(2400, 11, 19, 32, 102, 0),
(2401, 11, 19, 33, 103, 0),
(2402, 11, 19, 30, 103, 0),
(2403, 11, 19, 31, 103, 0),
(2404, 11, 19, 34, 103, 0),
(2405, 11, 19, 35, 103, 0),
(2406, 11, 19, 32, 103, 0),
(2407, 11, 19, 33, 104, 0),
(2408, 11, 19, 30, 104, 0),
(2409, 11, 19, 31, 104, 0),
(2410, 11, 19, 34, 104, 0),
(2411, 11, 19, 35, 104, 0),
(2412, 11, 19, 32, 104, 0),
(2413, 11, 19, 33, 105, 0),
(2414, 11, 19, 30, 105, 0),
(2415, 11, 19, 31, 105, 0),
(2416, 11, 19, 34, 105, 0),
(2417, 11, 19, 35, 105, 0),
(2418, 11, 19, 32, 105, 0),
(2419, 11, 19, 33, 106, 0),
(2420, 11, 19, 30, 106, 0),
(2421, 11, 19, 31, 106, 0),
(2422, 11, 19, 34, 106, 0),
(2423, 11, 19, 35, 106, 0),
(2424, 11, 19, 32, 106, 0),
(2425, 11, 19, 33, 107, 0),
(2426, 11, 19, 30, 107, 0),
(2427, 11, 19, 31, 107, 0),
(2428, 11, 19, 34, 107, 0),
(2429, 11, 19, 35, 107, 0),
(2430, 11, 19, 32, 107, 0),
(2431, 11, 19, 33, 108, 0),
(2432, 11, 19, 30, 108, 0),
(2433, 11, 19, 31, 108, 0),
(2434, 11, 19, 34, 108, 0),
(2435, 11, 19, 35, 108, 0),
(2436, 11, 19, 32, 108, 0),
(2437, 11, 19, 33, 91, 0),
(2438, 11, 19, 30, 91, 0),
(2439, 11, 19, 31, 91, 0),
(2440, 11, 19, 34, 91, 0),
(2441, 11, 19, 35, 91, 0),
(2442, 11, 19, 32, 91, 0),
(2443, 11, 19, 33, 92, 0),
(2444, 11, 19, 30, 92, 0),
(2445, 11, 19, 31, 92, 0),
(2446, 11, 19, 34, 92, 0),
(2447, 11, 19, 35, 92, 0),
(2448, 11, 19, 32, 92, 0),
(2449, 11, 19, 33, 93, 0),
(2450, 11, 19, 30, 93, 0),
(2451, 11, 19, 31, 93, 0),
(2452, 11, 19, 34, 93, 0),
(2453, 11, 19, 35, 93, 0),
(2454, 11, 19, 32, 93, 0),
(2455, 11, 19, 33, 94, 0),
(2456, 11, 19, 30, 94, 0),
(2457, 11, 19, 31, 94, 0),
(2458, 11, 19, 34, 94, 0),
(2459, 11, 19, 35, 94, 0),
(2460, 11, 19, 32, 94, 0),
(2461, 11, 19, 33, 95, 0),
(2462, 11, 19, 30, 95, 0),
(2463, 11, 19, 31, 95, 0),
(2464, 11, 19, 34, 95, 0),
(2465, 11, 19, 35, 95, 0),
(2466, 11, 19, 32, 95, 0),
(2467, 11, 5, 33, 64, 0),
(2468, 11, 5, 30, 64, 0),
(2469, 11, 5, 31, 64, 0),
(2470, 11, 5, 34, 64, 0),
(2471, 11, 5, 35, 64, 0),
(2472, 11, 5, 32, 64, 0),
(2473, 11, 5, 33, 65, 0),
(2474, 11, 5, 30, 65, 0),
(2475, 11, 5, 31, 65, 0),
(2476, 11, 5, 34, 65, 0),
(2477, 11, 5, 35, 65, 0),
(2478, 11, 5, 32, 65, 0),
(2479, 11, 5, 33, 66, 0),
(2480, 11, 5, 30, 66, 0),
(2481, 11, 5, 31, 66, 0),
(2482, 11, 5, 34, 66, 0),
(2483, 11, 5, 35, 66, 0),
(2484, 11, 5, 32, 66, 0),
(2485, 11, 5, 33, 67, 0),
(2486, 11, 5, 30, 67, 0),
(2487, 11, 5, 31, 67, 0),
(2488, 11, 5, 34, 67, 0),
(2489, 11, 5, 35, 67, 0),
(2490, 11, 5, 32, 67, 0),
(2491, 11, 5, 33, 68, 0),
(2492, 11, 5, 30, 68, 0),
(2493, 11, 5, 31, 68, 0),
(2494, 11, 5, 34, 68, 0),
(2495, 11, 5, 35, 68, 0),
(2496, 11, 5, 32, 68, 0),
(2497, 11, 5, 33, 69, 0),
(2498, 11, 5, 30, 69, 0),
(2499, 11, 5, 31, 69, 0),
(2500, 11, 5, 34, 69, 0),
(2501, 11, 5, 35, 69, 0),
(2502, 11, 5, 32, 69, 0),
(2503, 11, 5, 33, 70, 0),
(2504, 11, 5, 30, 70, 0),
(2505, 11, 5, 31, 70, 0),
(2506, 11, 5, 34, 70, 0),
(2507, 11, 5, 35, 70, 0),
(2508, 11, 5, 32, 70, 0),
(2509, 11, 5, 33, 71, 0),
(2510, 11, 5, 30, 71, 0),
(2511, 11, 5, 31, 71, 0),
(2512, 11, 5, 34, 71, 0),
(2513, 11, 5, 35, 71, 0),
(2514, 11, 5, 32, 71, 0),
(2515, 11, 5, 33, 72, 0),
(2516, 11, 5, 30, 72, 0),
(2517, 11, 5, 31, 72, 0),
(2518, 11, 5, 34, 72, 0),
(2519, 11, 5, 35, 72, 0),
(2520, 11, 5, 32, 72, 0),
(2521, 11, 5, 33, 73, 0),
(2522, 11, 5, 30, 73, 0),
(2523, 11, 5, 31, 73, 0),
(2524, 11, 5, 34, 73, 0),
(2525, 11, 5, 35, 73, 0),
(2526, 11, 5, 32, 73, 0),
(2527, 11, 5, 33, 74, 0),
(2528, 11, 5, 30, 74, 0),
(2529, 11, 5, 31, 74, 0),
(2530, 11, 5, 34, 74, 0),
(2531, 11, 5, 35, 74, 0),
(2532, 11, 5, 32, 74, 0),
(2533, 11, 5, 33, 75, 0),
(2534, 11, 5, 30, 75, 0),
(2535, 11, 5, 31, 75, 0),
(2536, 11, 5, 34, 75, 0),
(2537, 11, 5, 35, 75, 0),
(2538, 11, 5, 32, 75, 0),
(2539, 11, 5, 33, 76, 0),
(2540, 11, 5, 30, 76, 0),
(2541, 11, 5, 31, 76, 0),
(2542, 11, 5, 34, 76, 0),
(2543, 11, 5, 35, 76, 0),
(2544, 11, 5, 32, 76, 0),
(2545, 11, 5, 33, 77, 0),
(2546, 11, 5, 30, 77, 0),
(2547, 11, 5, 31, 77, 0),
(2548, 11, 5, 34, 77, 0),
(2549, 11, 5, 35, 77, 0),
(2550, 11, 5, 32, 77, 0),
(2551, 11, 5, 33, 78, 0),
(2552, 11, 5, 30, 78, 0),
(2553, 11, 5, 31, 78, 0),
(2554, 11, 5, 34, 78, 0),
(2555, 11, 5, 35, 78, 0),
(2556, 11, 5, 32, 78, 0),
(2557, 11, 5, 33, 79, 0),
(2558, 11, 5, 30, 79, 0),
(2559, 11, 5, 31, 79, 0),
(2560, 11, 5, 34, 79, 0),
(2561, 11, 5, 35, 79, 0),
(2562, 11, 5, 32, 79, 0),
(2563, 11, 5, 33, 80, 0),
(2564, 11, 5, 30, 80, 0),
(2565, 11, 5, 31, 80, 0),
(2566, 11, 5, 34, 80, 0),
(2567, 11, 5, 35, 80, 0),
(2568, 11, 5, 32, 80, 0),
(2569, 11, 5, 33, 81, 0),
(2570, 11, 5, 30, 81, 0),
(2571, 11, 5, 31, 81, 0),
(2572, 11, 5, 34, 81, 0),
(2573, 11, 5, 35, 81, 0),
(2574, 11, 5, 32, 81, 0),
(2575, 11, 5, 33, 82, 0),
(2576, 11, 5, 30, 82, 0),
(2577, 11, 5, 31, 82, 0),
(2578, 11, 5, 34, 82, 0),
(2579, 11, 5, 35, 82, 0),
(2580, 11, 5, 32, 82, 0),
(2581, 11, 5, 33, 83, 0),
(2582, 11, 5, 30, 83, 0),
(2583, 11, 5, 31, 83, 0),
(2584, 11, 5, 34, 83, 0),
(2585, 11, 5, 35, 83, 0),
(2586, 11, 5, 32, 83, 0),
(2587, 11, 5, 33, 84, 0),
(2588, 11, 5, 30, 84, 0),
(2589, 11, 5, 31, 84, 0),
(2590, 11, 5, 34, 84, 0),
(2591, 11, 5, 35, 84, 0),
(2592, 11, 5, 32, 84, 0),
(2593, 11, 5, 33, 85, 0),
(2594, 11, 5, 30, 85, 0),
(2595, 11, 5, 31, 85, 0),
(2596, 11, 5, 34, 85, 0),
(2597, 11, 5, 35, 85, 0),
(2598, 11, 5, 32, 85, 0),
(2599, 11, 5, 33, 86, 0),
(2600, 11, 5, 30, 86, 0),
(2601, 11, 5, 31, 86, 0),
(2602, 11, 5, 34, 86, 0),
(2603, 11, 5, 35, 86, 0),
(2604, 11, 5, 32, 86, 0),
(2605, 11, 5, 33, 87, 0),
(2606, 11, 5, 30, 87, 0),
(2607, 11, 5, 31, 87, 0),
(2608, 11, 5, 34, 87, 0),
(2609, 11, 5, 35, 87, 0),
(2610, 11, 5, 32, 87, 0),
(2611, 11, 5, 33, 88, 0),
(2612, 11, 5, 30, 88, 0),
(2613, 11, 5, 31, 88, 0),
(2614, 11, 5, 34, 88, 0),
(2615, 11, 5, 35, 88, 0),
(2616, 11, 5, 32, 88, 0),
(2617, 11, 5, 33, 89, 0),
(2618, 11, 5, 30, 89, 0),
(2619, 11, 5, 31, 89, 0),
(2620, 11, 5, 34, 89, 0),
(2621, 11, 5, 35, 89, 0),
(2622, 11, 5, 32, 89, 0),
(2623, 11, 5, 33, 90, 0),
(2624, 11, 5, 30, 90, 0),
(2625, 11, 5, 31, 90, 0),
(2626, 11, 5, 34, 90, 0),
(2627, 11, 5, 35, 90, 0),
(2628, 11, 5, 32, 90, 0),
(2629, 11, 5, 33, 55, 0),
(2630, 11, 5, 30, 55, 0),
(2631, 11, 5, 31, 55, 0),
(2632, 11, 5, 34, 55, 0),
(2633, 11, 5, 35, 55, 0),
(2634, 11, 5, 32, 55, 0),
(2635, 11, 5, 33, 56, 0),
(2636, 11, 5, 30, 56, 0),
(2637, 11, 5, 31, 56, 0),
(2638, 11, 5, 34, 56, 0),
(2639, 11, 5, 35, 56, 0),
(2640, 11, 5, 32, 56, 0),
(2641, 11, 5, 33, 57, 0),
(2642, 11, 5, 30, 57, 0),
(2643, 11, 5, 31, 57, 0),
(2644, 11, 5, 34, 57, 0),
(2645, 11, 5, 35, 57, 0),
(2646, 11, 5, 32, 57, 0),
(2647, 11, 5, 33, 58, 0),
(2648, 11, 5, 30, 58, 0),
(2649, 11, 5, 31, 58, 0),
(2650, 11, 5, 34, 58, 0),
(2651, 11, 5, 35, 58, 0),
(2652, 11, 5, 32, 58, 0),
(2653, 11, 5, 33, 59, 0),
(2654, 11, 5, 30, 59, 0),
(2655, 11, 5, 31, 59, 0),
(2656, 11, 5, 34, 59, 0),
(2657, 11, 5, 35, 59, 0),
(2658, 11, 5, 32, 59, 0),
(2659, 11, 5, 33, 60, 0),
(2660, 11, 5, 30, 60, 0),
(2661, 11, 5, 31, 60, 0),
(2662, 11, 5, 34, 60, 0),
(2663, 11, 5, 35, 60, 0),
(2664, 11, 5, 32, 60, 0),
(2665, 11, 5, 33, 61, 0),
(2666, 11, 5, 30, 61, 0),
(2667, 11, 5, 31, 61, 0),
(2668, 11, 5, 34, 61, 0),
(2669, 11, 5, 35, 61, 0),
(2670, 11, 5, 32, 61, 0),
(2671, 11, 5, 33, 62, 0),
(2672, 11, 5, 30, 62, 0),
(2673, 11, 5, 31, 62, 0),
(2674, 11, 5, 34, 62, 0),
(2675, 11, 5, 35, 62, 0),
(2676, 11, 5, 32, 62, 0),
(2677, 11, 5, 33, 63, 0),
(2678, 11, 5, 30, 63, 0),
(2679, 11, 5, 31, 63, 0),
(2680, 11, 5, 34, 63, 0),
(2681, 11, 5, 35, 63, 0),
(2682, 11, 5, 32, 63, 0),
(2683, 12, 1, 44, 1, 0),
(2684, 12, 1, 48, 1, 0),
(2685, 12, 1, 45, 1, 0),
(2686, 12, 1, 49, 1, 0),
(2687, 12, 1, 50, 1, 0),
(2688, 12, 1, 47, 1, 0),
(2689, 12, 1, 44, 2, 0),
(2690, 12, 1, 48, 2, 0),
(2691, 12, 1, 45, 2, 0),
(2692, 12, 1, 49, 2, 0),
(2693, 12, 1, 50, 2, 0),
(2694, 12, 1, 47, 2, 0),
(2695, 12, 1, 44, 3, 0),
(2696, 12, 1, 48, 3, 0),
(2697, 12, 1, 45, 3, 0),
(2698, 12, 1, 49, 3, 0),
(2699, 12, 1, 50, 3, 0),
(2700, 12, 1, 47, 3, 0),
(2701, 12, 1, 44, 4, 0),
(2702, 12, 1, 48, 4, 0),
(2703, 12, 1, 45, 4, 0),
(2704, 12, 1, 49, 4, 0),
(2705, 12, 1, 50, 4, 0),
(2706, 12, 1, 47, 4, 0),
(2707, 12, 1, 44, 5, 0),
(2708, 12, 1, 48, 5, 0),
(2709, 12, 1, 45, 5, 0),
(2710, 12, 1, 49, 5, 0),
(2711, 12, 1, 50, 5, 0),
(2712, 12, 1, 47, 5, 0),
(2713, 12, 1, 44, 6, 0),
(2714, 12, 1, 48, 6, 0),
(2715, 12, 1, 45, 6, 0),
(2716, 12, 1, 49, 6, 0),
(2717, 12, 1, 50, 6, 0),
(2718, 12, 1, 47, 6, 0),
(2719, 12, 1, 44, 7, 0),
(2720, 12, 1, 48, 7, 0),
(2721, 12, 1, 45, 7, 0),
(2722, 12, 1, 49, 7, 0),
(2723, 12, 1, 50, 7, 0),
(2724, 12, 1, 47, 7, 0),
(2725, 12, 1, 44, 8, 0),
(2726, 12, 1, 48, 8, 0),
(2727, 12, 1, 45, 8, 0),
(2728, 12, 1, 49, 8, 0),
(2729, 12, 1, 50, 8, 0),
(2730, 12, 1, 47, 8, 0),
(2731, 12, 1, 44, 9, 0),
(2732, 12, 1, 48, 9, 0),
(2733, 12, 1, 45, 9, 0),
(2734, 12, 1, 49, 9, 0),
(2735, 12, 1, 50, 9, 0),
(2736, 12, 1, 47, 9, 0),
(2737, 12, 1, 44, 10, 0),
(2738, 12, 1, 48, 10, 0),
(2739, 12, 1, 45, 10, 0),
(2740, 12, 1, 49, 10, 0),
(2741, 12, 1, 50, 10, 0),
(2742, 12, 1, 47, 10, 0),
(2743, 12, 1, 44, 11, 0),
(2744, 12, 1, 48, 11, 0),
(2745, 12, 1, 45, 11, 0),
(2746, 12, 1, 49, 11, 0),
(2747, 12, 1, 50, 11, 0),
(2748, 12, 1, 47, 11, 0),
(2749, 12, 1, 44, 12, 0),
(2750, 12, 1, 48, 12, 0),
(2751, 12, 1, 45, 12, 0),
(2752, 12, 1, 49, 12, 0),
(2753, 12, 1, 50, 12, 0),
(2754, 12, 1, 47, 12, 0),
(2755, 12, 1, 44, 13, 0),
(2756, 12, 1, 48, 13, 0),
(2757, 12, 1, 45, 13, 0),
(2758, 12, 1, 49, 13, 0),
(2759, 12, 1, 50, 13, 0),
(2760, 12, 1, 47, 13, 0),
(2761, 12, 1, 44, 14, 0),
(2762, 12, 1, 48, 14, 0),
(2763, 12, 1, 45, 14, 0),
(2764, 12, 1, 49, 14, 0),
(2765, 12, 1, 50, 14, 0),
(2766, 12, 1, 47, 14, 0),
(2767, 12, 1, 44, 15, 0),
(2768, 12, 1, 48, 15, 0),
(2769, 12, 1, 45, 15, 0),
(2770, 12, 1, 49, 15, 0),
(2771, 12, 1, 50, 15, 0),
(2772, 12, 1, 47, 15, 0),
(2773, 12, 1, 44, 16, 0),
(2774, 12, 1, 48, 16, 0),
(2775, 12, 1, 45, 16, 0),
(2776, 12, 1, 49, 16, 0),
(2777, 12, 1, 50, 16, 0),
(2778, 12, 1, 47, 16, 0),
(2779, 12, 1, 44, 17, 0),
(2780, 12, 1, 48, 17, 0),
(2781, 12, 1, 45, 17, 0),
(2782, 12, 1, 49, 17, 0),
(2783, 12, 1, 50, 17, 0),
(2784, 12, 1, 47, 17, 0),
(2785, 12, 1, 44, 18, 0),
(2786, 12, 1, 48, 18, 0),
(2787, 12, 1, 45, 18, 0),
(2788, 12, 1, 49, 18, 0),
(2789, 12, 1, 50, 18, 0),
(2790, 12, 1, 47, 18, 0),
(2791, 12, 1, 44, 19, 0),
(2792, 12, 1, 48, 19, 0),
(2793, 12, 1, 45, 19, 0),
(2794, 12, 1, 49, 19, 0),
(2795, 12, 1, 50, 19, 0),
(2796, 12, 1, 47, 19, 0),
(2797, 12, 1, 44, 20, 0),
(2798, 12, 1, 48, 20, 0),
(2799, 12, 1, 45, 20, 0),
(2800, 12, 1, 49, 20, 0),
(2801, 12, 1, 50, 20, 0),
(2802, 12, 1, 47, 20, 0),
(2803, 12, 1, 44, 21, 0),
(2804, 12, 1, 48, 21, 0),
(2805, 12, 1, 45, 21, 0),
(2806, 12, 1, 49, 21, 0),
(2807, 12, 1, 50, 21, 0),
(2808, 12, 1, 47, 21, 0),
(2809, 12, 1, 44, 22, 0),
(2810, 12, 1, 48, 22, 0),
(2811, 12, 1, 45, 22, 0),
(2812, 12, 1, 49, 22, 0),
(2813, 12, 1, 50, 22, 0),
(2814, 12, 1, 47, 22, 0),
(2815, 12, 1, 44, 23, 0),
(2816, 12, 1, 48, 23, 0),
(2817, 12, 1, 45, 23, 0),
(2818, 12, 1, 49, 23, 0),
(2819, 12, 1, 50, 23, 0),
(2820, 12, 1, 47, 23, 0),
(2821, 12, 1, 44, 24, 0),
(2822, 12, 1, 48, 24, 0),
(2823, 12, 1, 45, 24, 0),
(2824, 12, 1, 49, 24, 0),
(2825, 12, 1, 50, 24, 0),
(2826, 12, 1, 47, 24, 0),
(2827, 12, 1, 44, 25, 0),
(2828, 12, 1, 48, 25, 0),
(2829, 12, 1, 45, 25, 0),
(2830, 12, 1, 49, 25, 0),
(2831, 12, 1, 50, 25, 0),
(2832, 12, 1, 47, 25, 0),
(2833, 12, 1, 44, 26, 0),
(2834, 12, 1, 48, 26, 0),
(2835, 12, 1, 45, 26, 0),
(2836, 12, 1, 49, 26, 0),
(2837, 12, 1, 50, 26, 0),
(2838, 12, 1, 47, 26, 0),
(2839, 12, 1, 44, 27, 0),
(2840, 12, 1, 48, 27, 0),
(2841, 12, 1, 45, 27, 0),
(2842, 12, 1, 49, 27, 0),
(2843, 12, 1, 50, 27, 0),
(2844, 12, 1, 47, 27, 0),
(2845, 12, 1, 44, 28, 0),
(2846, 12, 1, 48, 28, 0),
(2847, 12, 1, 45, 28, 0),
(2848, 12, 1, 49, 28, 0),
(2849, 12, 1, 50, 28, 0),
(2850, 12, 1, 47, 28, 0),
(2851, 12, 1, 44, 29, 0),
(2852, 12, 1, 48, 29, 0),
(2853, 12, 1, 45, 29, 0),
(2854, 12, 1, 49, 29, 0),
(2855, 12, 1, 50, 29, 0),
(2856, 12, 1, 47, 29, 0),
(2857, 12, 1, 44, 30, 0),
(2858, 12, 1, 48, 30, 0),
(2859, 12, 1, 45, 30, 0),
(2860, 12, 1, 49, 30, 0),
(2861, 12, 1, 50, 30, 0),
(2862, 12, 1, 47, 30, 0),
(2863, 12, 1, 44, 31, 0),
(2864, 12, 1, 48, 31, 0),
(2865, 12, 1, 45, 31, 0),
(2866, 12, 1, 49, 31, 0),
(2867, 12, 1, 50, 31, 0),
(2868, 12, 1, 47, 31, 0),
(2869, 12, 1, 44, 32, 0),
(2870, 12, 1, 48, 32, 0),
(2871, 12, 1, 45, 32, 0),
(2872, 12, 1, 49, 32, 0),
(2873, 12, 1, 50, 32, 0),
(2874, 12, 1, 47, 32, 0),
(2875, 12, 1, 44, 33, 0),
(2876, 12, 1, 48, 33, 0),
(2877, 12, 1, 45, 33, 0),
(2878, 12, 1, 49, 33, 0),
(2879, 12, 1, 50, 33, 0),
(2880, 12, 1, 47, 33, 0),
(2881, 12, 1, 44, 34, 0),
(2882, 12, 1, 48, 34, 0),
(2883, 12, 1, 45, 34, 0),
(2884, 12, 1, 49, 34, 0),
(2885, 12, 1, 50, 34, 0),
(2886, 12, 1, 47, 34, 0),
(2887, 12, 1, 44, 35, 0),
(2888, 12, 1, 48, 35, 0),
(2889, 12, 1, 45, 35, 0),
(2890, 12, 1, 49, 35, 0),
(2891, 12, 1, 50, 35, 0),
(2892, 12, 1, 47, 35, 0),
(2893, 12, 1, 44, 36, 0),
(2894, 12, 1, 48, 36, 0),
(2895, 12, 1, 45, 36, 0),
(2896, 12, 1, 49, 36, 0),
(2897, 12, 1, 50, 36, 0),
(2898, 12, 1, 47, 36, 0),
(2899, 12, 1, 44, 37, 0),
(2900, 12, 1, 48, 37, 0),
(2901, 12, 1, 45, 37, 0),
(2902, 12, 1, 49, 37, 0),
(2903, 12, 1, 50, 37, 0),
(2904, 12, 1, 47, 37, 0),
(2905, 12, 1, 44, 38, 0),
(2906, 12, 1, 48, 38, 0),
(2907, 12, 1, 45, 38, 0),
(2908, 12, 1, 49, 38, 0),
(2909, 12, 1, 50, 38, 0),
(2910, 12, 1, 47, 38, 0),
(2911, 12, 1, 44, 39, 0),
(2912, 12, 1, 48, 39, 0),
(2913, 12, 1, 45, 39, 0),
(2914, 12, 1, 49, 39, 0),
(2915, 12, 1, 50, 39, 0),
(2916, 12, 1, 47, 39, 0),
(2917, 12, 1, 44, 40, 0),
(2918, 12, 1, 48, 40, 0),
(2919, 12, 1, 45, 40, 0),
(2920, 12, 1, 49, 40, 0),
(2921, 12, 1, 50, 40, 0),
(2922, 12, 1, 47, 40, 0),
(2923, 12, 1, 44, 41, 0),
(2924, 12, 1, 48, 41, 0),
(2925, 12, 1, 45, 41, 0),
(2926, 12, 1, 49, 41, 0),
(2927, 12, 1, 50, 41, 0),
(2928, 12, 1, 47, 41, 0),
(2929, 12, 1, 44, 42, 0),
(2930, 12, 1, 48, 42, 0),
(2931, 12, 1, 45, 42, 0),
(2932, 12, 1, 49, 42, 0),
(2933, 12, 1, 50, 42, 0),
(2934, 12, 1, 47, 42, 0),
(2935, 12, 1, 44, 43, 0),
(2936, 12, 1, 48, 43, 0),
(2937, 12, 1, 45, 43, 0),
(2938, 12, 1, 49, 43, 0),
(2939, 12, 1, 50, 43, 0),
(2940, 12, 1, 47, 43, 0),
(2941, 12, 1, 44, 44, 0),
(2942, 12, 1, 48, 44, 0),
(2943, 12, 1, 45, 44, 0),
(2944, 12, 1, 49, 44, 0),
(2945, 12, 1, 50, 44, 0),
(2946, 12, 1, 47, 44, 0),
(2947, 12, 1, 44, 45, 0),
(2948, 12, 1, 48, 45, 0),
(2949, 12, 1, 45, 45, 0),
(2950, 12, 1, 49, 45, 0),
(2951, 12, 1, 50, 45, 0),
(2952, 12, 1, 47, 45, 0),
(2953, 12, 1, 44, 46, 0),
(2954, 12, 1, 48, 46, 0),
(2955, 12, 1, 45, 46, 0),
(2956, 12, 1, 49, 46, 0),
(2957, 12, 1, 50, 46, 0),
(2958, 12, 1, 47, 46, 0),
(2959, 12, 1, 44, 47, 0),
(2960, 12, 1, 48, 47, 0),
(2961, 12, 1, 45, 47, 0),
(2962, 12, 1, 49, 47, 0),
(2963, 12, 1, 50, 47, 0),
(2964, 12, 1, 47, 47, 0),
(2965, 12, 1, 44, 48, 0),
(2966, 12, 1, 48, 48, 0),
(2967, 12, 1, 45, 48, 0),
(2968, 12, 1, 49, 48, 0),
(2969, 12, 1, 50, 48, 0),
(2970, 12, 1, 47, 48, 0),
(2971, 12, 1, 44, 49, 0),
(2972, 12, 1, 48, 49, 0),
(2973, 12, 1, 45, 49, 0),
(2974, 12, 1, 49, 49, 0),
(2975, 12, 1, 50, 49, 0),
(2976, 12, 1, 47, 49, 0),
(2977, 12, 1, 44, 50, 0),
(2978, 12, 1, 48, 50, 0),
(2979, 12, 1, 45, 50, 0),
(2980, 12, 1, 49, 50, 0),
(2981, 12, 1, 50, 50, 0),
(2982, 12, 1, 47, 50, 0),
(2983, 12, 1, 44, 51, 0),
(2984, 12, 1, 48, 51, 0),
(2985, 12, 1, 45, 51, 0),
(2986, 12, 1, 49, 51, 0),
(2987, 12, 1, 50, 51, 0);
INSERT INTO `tripsSite` (`id`, `scheduleId`, `carId`, `segmentId`, `sitePrototypeId`, `sold`) VALUES
(2988, 12, 1, 47, 51, 0),
(2989, 12, 1, 44, 52, 0),
(2990, 12, 1, 48, 52, 0),
(2991, 12, 1, 45, 52, 0),
(2992, 12, 1, 49, 52, 0),
(2993, 12, 1, 50, 52, 0),
(2994, 12, 1, 47, 52, 0),
(2995, 12, 1, 44, 53, 0),
(2996, 12, 1, 48, 53, 0),
(2997, 12, 1, 45, 53, 0),
(2998, 12, 1, 49, 53, 0),
(2999, 12, 1, 50, 53, 0),
(3000, 12, 1, 47, 53, 0),
(3001, 12, 1, 44, 54, 0),
(3002, 12, 1, 48, 54, 0),
(3003, 12, 1, 45, 54, 0),
(3004, 12, 1, 49, 54, 0),
(3005, 12, 1, 50, 54, 0),
(3006, 12, 1, 47, 54, 0),
(3007, 12, 19, 44, 96, 0),
(3008, 12, 19, 48, 96, 0),
(3009, 12, 19, 45, 96, 0),
(3010, 12, 19, 49, 96, 0),
(3011, 12, 19, 50, 96, 0),
(3012, 12, 19, 47, 96, 0),
(3013, 12, 19, 44, 97, 0),
(3014, 12, 19, 48, 97, 0),
(3015, 12, 19, 45, 97, 0),
(3016, 12, 19, 49, 97, 0),
(3017, 12, 19, 50, 97, 0),
(3018, 12, 19, 47, 97, 0),
(3019, 12, 19, 44, 98, 0),
(3020, 12, 19, 48, 98, 0),
(3021, 12, 19, 45, 98, 0),
(3022, 12, 19, 49, 98, 0),
(3023, 12, 19, 50, 98, 0),
(3024, 12, 19, 47, 98, 0),
(3025, 12, 19, 44, 99, 0),
(3026, 12, 19, 48, 99, 0),
(3027, 12, 19, 45, 99, 0),
(3028, 12, 19, 49, 99, 0),
(3029, 12, 19, 50, 99, 0),
(3030, 12, 19, 47, 99, 0),
(3031, 12, 19, 44, 100, 0),
(3032, 12, 19, 48, 100, 0),
(3033, 12, 19, 45, 100, 0),
(3034, 12, 19, 49, 100, 0),
(3035, 12, 19, 50, 100, 0),
(3036, 12, 19, 47, 100, 0),
(3037, 12, 19, 44, 101, 0),
(3038, 12, 19, 48, 101, 0),
(3039, 12, 19, 45, 101, 0),
(3040, 12, 19, 49, 101, 0),
(3041, 12, 19, 50, 101, 0),
(3042, 12, 19, 47, 101, 0),
(3043, 12, 19, 44, 102, 0),
(3044, 12, 19, 48, 102, 0),
(3045, 12, 19, 45, 102, 0),
(3046, 12, 19, 49, 102, 0),
(3047, 12, 19, 50, 102, 0),
(3048, 12, 19, 47, 102, 0),
(3049, 12, 19, 44, 103, 0),
(3050, 12, 19, 48, 103, 0),
(3051, 12, 19, 45, 103, 0),
(3052, 12, 19, 49, 103, 0),
(3053, 12, 19, 50, 103, 0),
(3054, 12, 19, 47, 103, 0),
(3055, 12, 19, 44, 104, 0),
(3056, 12, 19, 48, 104, 0),
(3057, 12, 19, 45, 104, 0),
(3058, 12, 19, 49, 104, 0),
(3059, 12, 19, 50, 104, 0),
(3060, 12, 19, 47, 104, 0),
(3061, 12, 19, 44, 105, 0),
(3062, 12, 19, 48, 105, 0),
(3063, 12, 19, 45, 105, 0),
(3064, 12, 19, 49, 105, 0),
(3065, 12, 19, 50, 105, 0),
(3066, 12, 19, 47, 105, 0),
(3067, 12, 19, 44, 106, 0),
(3068, 12, 19, 48, 106, 0),
(3069, 12, 19, 45, 106, 0),
(3070, 12, 19, 49, 106, 0),
(3071, 12, 19, 50, 106, 0),
(3072, 12, 19, 47, 106, 0),
(3073, 12, 19, 44, 107, 0),
(3074, 12, 19, 48, 107, 0),
(3075, 12, 19, 45, 107, 0),
(3076, 12, 19, 49, 107, 0),
(3077, 12, 19, 50, 107, 0),
(3078, 12, 19, 47, 107, 0),
(3079, 12, 19, 44, 108, 0),
(3080, 12, 19, 48, 108, 0),
(3081, 12, 19, 45, 108, 0),
(3082, 12, 19, 49, 108, 0),
(3083, 12, 19, 50, 108, 0),
(3084, 12, 19, 47, 108, 0),
(3085, 12, 19, 44, 91, 0),
(3086, 12, 19, 48, 91, 0),
(3087, 12, 19, 45, 91, 0),
(3088, 12, 19, 49, 91, 0),
(3089, 12, 19, 50, 91, 0),
(3090, 12, 19, 47, 91, 0),
(3091, 12, 19, 44, 92, 0),
(3092, 12, 19, 48, 92, 0),
(3093, 12, 19, 45, 92, 0),
(3094, 12, 19, 49, 92, 0),
(3095, 12, 19, 50, 92, 0),
(3096, 12, 19, 47, 92, 0),
(3097, 12, 19, 44, 93, 0),
(3098, 12, 19, 48, 93, 0),
(3099, 12, 19, 45, 93, 0),
(3100, 12, 19, 49, 93, 0),
(3101, 12, 19, 50, 93, 0),
(3102, 12, 19, 47, 93, 0),
(3103, 12, 19, 44, 94, 0),
(3104, 12, 19, 48, 94, 0),
(3105, 12, 19, 45, 94, 0),
(3106, 12, 19, 49, 94, 0),
(3107, 12, 19, 50, 94, 0),
(3108, 12, 19, 47, 94, 0),
(3109, 12, 19, 44, 95, 0),
(3110, 12, 19, 48, 95, 0),
(3111, 12, 19, 45, 95, 0),
(3112, 12, 19, 49, 95, 0),
(3113, 12, 19, 50, 95, 0),
(3114, 12, 19, 47, 95, 0),
(3115, 12, 5, 44, 64, 0),
(3116, 12, 5, 48, 64, 0),
(3117, 12, 5, 45, 64, 0),
(3118, 12, 5, 49, 64, 0),
(3119, 12, 5, 50, 64, 0),
(3120, 12, 5, 47, 64, 0),
(3121, 12, 5, 44, 65, 0),
(3122, 12, 5, 48, 65, 0),
(3123, 12, 5, 45, 65, 0),
(3124, 12, 5, 49, 65, 0),
(3125, 12, 5, 50, 65, 0),
(3126, 12, 5, 47, 65, 0),
(3127, 12, 5, 44, 66, 0),
(3128, 12, 5, 48, 66, 0),
(3129, 12, 5, 45, 66, 0),
(3130, 12, 5, 49, 66, 0),
(3131, 12, 5, 50, 66, 0),
(3132, 12, 5, 47, 66, 0),
(3133, 12, 5, 44, 67, 0),
(3134, 12, 5, 48, 67, 0),
(3135, 12, 5, 45, 67, 0),
(3136, 12, 5, 49, 67, 0),
(3137, 12, 5, 50, 67, 0),
(3138, 12, 5, 47, 67, 0),
(3139, 12, 5, 44, 68, 0),
(3140, 12, 5, 48, 68, 0),
(3141, 12, 5, 45, 68, 0),
(3142, 12, 5, 49, 68, 0),
(3143, 12, 5, 50, 68, 0),
(3144, 12, 5, 47, 68, 0),
(3145, 12, 5, 44, 69, 0),
(3146, 12, 5, 48, 69, 0),
(3147, 12, 5, 45, 69, 0),
(3148, 12, 5, 49, 69, 0),
(3149, 12, 5, 50, 69, 0),
(3150, 12, 5, 47, 69, 0),
(3151, 12, 5, 44, 70, 0),
(3152, 12, 5, 48, 70, 0),
(3153, 12, 5, 45, 70, 0),
(3154, 12, 5, 49, 70, 0),
(3155, 12, 5, 50, 70, 0),
(3156, 12, 5, 47, 70, 0),
(3157, 12, 5, 44, 71, 0),
(3158, 12, 5, 48, 71, 0),
(3159, 12, 5, 45, 71, 0),
(3160, 12, 5, 49, 71, 0),
(3161, 12, 5, 50, 71, 0),
(3162, 12, 5, 47, 71, 0),
(3163, 12, 5, 44, 72, 0),
(3164, 12, 5, 48, 72, 0),
(3165, 12, 5, 45, 72, 0),
(3166, 12, 5, 49, 72, 0),
(3167, 12, 5, 50, 72, 0),
(3168, 12, 5, 47, 72, 0),
(3169, 12, 5, 44, 73, 0),
(3170, 12, 5, 48, 73, 0),
(3171, 12, 5, 45, 73, 0),
(3172, 12, 5, 49, 73, 0),
(3173, 12, 5, 50, 73, 0),
(3174, 12, 5, 47, 73, 0),
(3175, 12, 5, 44, 74, 0),
(3176, 12, 5, 48, 74, 0),
(3177, 12, 5, 45, 74, 0),
(3178, 12, 5, 49, 74, 0),
(3179, 12, 5, 50, 74, 0),
(3180, 12, 5, 47, 74, 0),
(3181, 12, 5, 44, 75, 0),
(3182, 12, 5, 48, 75, 0),
(3183, 12, 5, 45, 75, 0),
(3184, 12, 5, 49, 75, 0),
(3185, 12, 5, 50, 75, 0),
(3186, 12, 5, 47, 75, 0),
(3187, 12, 5, 44, 76, 0),
(3188, 12, 5, 48, 76, 0),
(3189, 12, 5, 45, 76, 0),
(3190, 12, 5, 49, 76, 0),
(3191, 12, 5, 50, 76, 0),
(3192, 12, 5, 47, 76, 0),
(3193, 12, 5, 44, 77, 0),
(3194, 12, 5, 48, 77, 0),
(3195, 12, 5, 45, 77, 0),
(3196, 12, 5, 49, 77, 0),
(3197, 12, 5, 50, 77, 0),
(3198, 12, 5, 47, 77, 0),
(3199, 12, 5, 44, 78, 0),
(3200, 12, 5, 48, 78, 0),
(3201, 12, 5, 45, 78, 0),
(3202, 12, 5, 49, 78, 0),
(3203, 12, 5, 50, 78, 0),
(3204, 12, 5, 47, 78, 0),
(3205, 12, 5, 44, 79, 0),
(3206, 12, 5, 48, 79, 0),
(3207, 12, 5, 45, 79, 0),
(3208, 12, 5, 49, 79, 0),
(3209, 12, 5, 50, 79, 0),
(3210, 12, 5, 47, 79, 0),
(3211, 12, 5, 44, 80, 0),
(3212, 12, 5, 48, 80, 0),
(3213, 12, 5, 45, 80, 0),
(3214, 12, 5, 49, 80, 0),
(3215, 12, 5, 50, 80, 0),
(3216, 12, 5, 47, 80, 0),
(3217, 12, 5, 44, 81, 0),
(3218, 12, 5, 48, 81, 0),
(3219, 12, 5, 45, 81, 0),
(3220, 12, 5, 49, 81, 0),
(3221, 12, 5, 50, 81, 0),
(3222, 12, 5, 47, 81, 0),
(3223, 12, 5, 44, 82, 0),
(3224, 12, 5, 48, 82, 0),
(3225, 12, 5, 45, 82, 0),
(3226, 12, 5, 49, 82, 0),
(3227, 12, 5, 50, 82, 0),
(3228, 12, 5, 47, 82, 0),
(3229, 12, 5, 44, 83, 0),
(3230, 12, 5, 48, 83, 0),
(3231, 12, 5, 45, 83, 0),
(3232, 12, 5, 49, 83, 0),
(3233, 12, 5, 50, 83, 0),
(3234, 12, 5, 47, 83, 0),
(3235, 12, 5, 44, 84, 0),
(3236, 12, 5, 48, 84, 0),
(3237, 12, 5, 45, 84, 0),
(3238, 12, 5, 49, 84, 0),
(3239, 12, 5, 50, 84, 0),
(3240, 12, 5, 47, 84, 0),
(3241, 12, 5, 44, 85, 0),
(3242, 12, 5, 48, 85, 0),
(3243, 12, 5, 45, 85, 0),
(3244, 12, 5, 49, 85, 0),
(3245, 12, 5, 50, 85, 0),
(3246, 12, 5, 47, 85, 0),
(3247, 12, 5, 44, 86, 0),
(3248, 12, 5, 48, 86, 0),
(3249, 12, 5, 45, 86, 0),
(3250, 12, 5, 49, 86, 0),
(3251, 12, 5, 50, 86, 0),
(3252, 12, 5, 47, 86, 0),
(3253, 12, 5, 44, 87, 0),
(3254, 12, 5, 48, 87, 0),
(3255, 12, 5, 45, 87, 0),
(3256, 12, 5, 49, 87, 0),
(3257, 12, 5, 50, 87, 0),
(3258, 12, 5, 47, 87, 0),
(3259, 12, 5, 44, 88, 0),
(3260, 12, 5, 48, 88, 0),
(3261, 12, 5, 45, 88, 0),
(3262, 12, 5, 49, 88, 0),
(3263, 12, 5, 50, 88, 0),
(3264, 12, 5, 47, 88, 0),
(3265, 12, 5, 44, 89, 0),
(3266, 12, 5, 48, 89, 0),
(3267, 12, 5, 45, 89, 0),
(3268, 12, 5, 49, 89, 0),
(3269, 12, 5, 50, 89, 0),
(3270, 12, 5, 47, 89, 0),
(3271, 12, 5, 44, 90, 0),
(3272, 12, 5, 48, 90, 0),
(3273, 12, 5, 45, 90, 0),
(3274, 12, 5, 49, 90, 0),
(3275, 12, 5, 50, 90, 0),
(3276, 12, 5, 47, 90, 0),
(3277, 12, 5, 44, 55, 0),
(3278, 12, 5, 48, 55, 0),
(3279, 12, 5, 45, 55, 0),
(3280, 12, 5, 49, 55, 0),
(3281, 12, 5, 50, 55, 0),
(3282, 12, 5, 47, 55, 0),
(3283, 12, 5, 44, 56, 0),
(3284, 12, 5, 48, 56, 0),
(3285, 12, 5, 45, 56, 0),
(3286, 12, 5, 49, 56, 0),
(3287, 12, 5, 50, 56, 0),
(3288, 12, 5, 47, 56, 0),
(3289, 12, 5, 44, 57, 0),
(3290, 12, 5, 48, 57, 0),
(3291, 12, 5, 45, 57, 0),
(3292, 12, 5, 49, 57, 0),
(3293, 12, 5, 50, 57, 0),
(3294, 12, 5, 47, 57, 0),
(3295, 12, 5, 44, 58, 0),
(3296, 12, 5, 48, 58, 0),
(3297, 12, 5, 45, 58, 0),
(3298, 12, 5, 49, 58, 0),
(3299, 12, 5, 50, 58, 0),
(3300, 12, 5, 47, 58, 0),
(3301, 12, 5, 44, 59, 0),
(3302, 12, 5, 48, 59, 0),
(3303, 12, 5, 45, 59, 0),
(3304, 12, 5, 49, 59, 0),
(3305, 12, 5, 50, 59, 0),
(3306, 12, 5, 47, 59, 0),
(3307, 12, 5, 44, 60, 0),
(3308, 12, 5, 48, 60, 0),
(3309, 12, 5, 45, 60, 0),
(3310, 12, 5, 49, 60, 0),
(3311, 12, 5, 50, 60, 0),
(3312, 12, 5, 47, 60, 0),
(3313, 12, 5, 44, 61, 0),
(3314, 12, 5, 48, 61, 0),
(3315, 12, 5, 45, 61, 0),
(3316, 12, 5, 49, 61, 0),
(3317, 12, 5, 50, 61, 0),
(3318, 12, 5, 47, 61, 0),
(3319, 12, 5, 44, 62, 0),
(3320, 12, 5, 48, 62, 0),
(3321, 12, 5, 45, 62, 0),
(3322, 12, 5, 49, 62, 0),
(3323, 12, 5, 50, 62, 0),
(3324, 12, 5, 47, 62, 0),
(3325, 12, 5, 44, 63, 0),
(3326, 12, 5, 48, 63, 0),
(3327, 12, 5, 45, 63, 0),
(3328, 12, 5, 49, 63, 0),
(3329, 12, 5, 50, 63, 0),
(3330, 12, 5, 47, 63, 0);

-- --------------------------------------------------------

--
-- Структура таблицы `user`
--

CREATE TABLE IF NOT EXISTS `user` (
  `id` bigint(20) NOT NULL,
  `sso_id` varchar(30) NOT NULL,
  `password` varchar(100) NOT NULL,
  `first_name` varchar(30) NOT NULL,
  `last_name` varchar(30) NOT NULL,
  `email` varchar(30) NOT NULL,
  `state` varchar(30) DEFAULT NULL
) ENGINE=InnoDB AUTO_INCREMENT=8 DEFAULT CHARSET=utf8;

--
-- Дамп данных таблицы `user`
--

INSERT INTO `user` (`id`, `sso_id`, `password`, `first_name`, `last_name`, `email`, `state`) VALUES
(4, 'Roman', '$2a$10$3vNtuUINPjyoPoQTK9/YZOvYtE3RLvnAMGsby5sMd4yMgQabjmDGe', 'Roman(USER)', 'Roman', 'Roman', NULL),
(5, 'sam', '$2a$10$2BFZLSv0ZJI7cwCHmLVm0.pYr28xNlhofaj/TJtu0gIOsu4Qs5SQi', 'Sam(all roles)', 'sam', 'sam', NULL),
(6, 'sso', '$2a$10$6w37sHLIsnNIteIrgBSoR.nk2HvmMtL2HHLgfmhJhcCiCqsrT6Pwy', 'simple users(USER)', 'simple users', '123456', NULL),
(7, 'test', '$2a$10$gLl/PWwszuUWcJUEVatCUutD5OLcT2XY7MhFrHajkMRXWCWL0qSMa', 'test', 'test', 'test', NULL);

-- --------------------------------------------------------

--
-- Структура таблицы `userRole`
--

CREATE TABLE IF NOT EXISTS `userRole` (
  `user_id` bigint(20) NOT NULL,
  `user_role_id` bigint(20) NOT NULL
) ENGINE=InnoDB DEFAULT CHARSET=utf8;

--
-- Дамп данных таблицы `userRole`
--

INSERT INTO `userRole` (`user_id`, `user_role_id`) VALUES
(4, 1),
(5, 1),
(6, 1),
(7, 1),
(5, 2),
(5, 3);

--
-- Индексы сохранённых таблиц
--

--
-- Индексы таблицы `car`
--
ALTER TABLE `car`
  ADD PRIMARY KEY (`id`),
  ADD KEY `carPrototypeId` (`carPrototypeId`);

--
-- Индексы таблицы `carPrototype`
--
ALTER TABLE `carPrototype`
  ADD PRIMARY KEY (`id`),
  ADD KEY `class` (`classId`);

--
-- Индексы таблицы `carPrototypeComposition`
--
ALTER TABLE `carPrototypeComposition`
  ADD PRIMARY KEY (`id`),
  ADD KEY `carPrototypeId` (`carPrototypeId`),
  ADD KEY `siteId` (`sitePrototypeId`);

--
-- Индексы таблицы `passenger`
--
ALTER TABLE `passenger`
  ADD PRIMARY KEY (`id`),
  ADD KEY `idUser_idx` (`idUser`);

--
-- Индексы таблицы `role`
--
ALTER TABLE `role`
  ADD PRIMARY KEY (`id`),
  ADD UNIQUE KEY `type` (`type`);

--
-- Индексы таблицы `route`
--
ALTER TABLE `route`
  ADD PRIMARY KEY (`id`);

--
-- Индексы таблицы `routeComposition`
--
ALTER TABLE `routeComposition`
  ADD PRIMARY KEY (`id`),
  ADD KEY `routeId` (`routeId`),
  ADD KEY `segmentId` (`segmentId`);

--
-- Индексы таблицы `schedule`
--
ALTER TABLE `schedule`
  ADD PRIMARY KEY (`id`),
  ADD KEY `trainId_idx` (`trainId`),
  ADD KEY `routeId` (`routeId`);

--
-- Индексы таблицы `segment`
--
ALTER TABLE `segment`
  ADD PRIMARY KEY (`id`),
  ADD KEY `departureStationId_idx` (`departureStationId`),
  ADD KEY `destinationStationId_idx` (`destinationStationId`);

--
-- Индексы таблицы `siteCarClass`
--
ALTER TABLE `siteCarClass`
  ADD PRIMARY KEY (`id`);

--
-- Индексы таблицы `sitePrototype`
--
ALTER TABLE `sitePrototype`
  ADD PRIMARY KEY (`id`),
  ADD KEY `classId` (`classId`);

--
-- Индексы таблицы `station`
--
ALTER TABLE `station`
  ADD PRIMARY KEY (`id`);

--
-- Индексы таблицы `ticket`
--
ALTER TABLE `ticket`
  ADD PRIMARY KEY (`id`),
  ADD KEY `userId` (`userId`),
  ADD KEY `trainId` (`trainId`);

--
-- Индексы таблицы `ticketComposition`
--
ALTER TABLE `ticketComposition`
  ADD PRIMARY KEY (`id`),
  ADD KEY `ticketId` (`ticketId`),
  ADD KEY `tripsSiteId` (`tripsSiteId`);

--
-- Индексы таблицы `train`
--
ALTER TABLE `train`
  ADD PRIMARY KEY (`id`);

--
-- Индексы таблицы `trainComposition`
--
ALTER TABLE `trainComposition`
  ADD KEY `id` (`id`),
  ADD KEY `carId` (`carId`),
  ADD KEY `trainId` (`trainId`);

--
-- Индексы таблицы `tripsSite`
--
ALTER TABLE `tripsSite`
  ADD PRIMARY KEY (`id`),
  ADD KEY `scheduleId` (`scheduleId`),
  ADD KEY `carId` (`carId`),
  ADD KEY `siteId` (`sitePrototypeId`),
  ADD KEY `segmentId` (`segmentId`);

--
-- Индексы таблицы `user`
--
ALTER TABLE `user`
  ADD PRIMARY KEY (`id`),
  ADD UNIQUE KEY `sso_id` (`sso_id`);

--
-- Индексы таблицы `userRole`
--
ALTER TABLE `userRole`
  ADD PRIMARY KEY (`user_id`,`user_role_id`),
  ADD KEY `FK_USER_PROFILE` (`user_role_id`);

--
-- AUTO_INCREMENT для сохранённых таблиц
--

--
-- AUTO_INCREMENT для таблицы `car`
--
ALTER TABLE `car`
  MODIFY `id` int(11) NOT NULL AUTO_INCREMENT,AUTO_INCREMENT=20;
--
-- AUTO_INCREMENT для таблицы `carPrototype`
--
ALTER TABLE `carPrototype`
  MODIFY `id` int(11) NOT NULL AUTO_INCREMENT,AUTO_INCREMENT=4;
--
-- AUTO_INCREMENT для таблицы `carPrototypeComposition`
--
ALTER TABLE `carPrototypeComposition`
  MODIFY `id` int(11) NOT NULL AUTO_INCREMENT,AUTO_INCREMENT=110;
--
-- AUTO_INCREMENT для таблицы `passenger`
--
ALTER TABLE `passenger`
  MODIFY `id` int(11) NOT NULL AUTO_INCREMENT,AUTO_INCREMENT=3;
--
-- AUTO_INCREMENT для таблицы `role`
--
ALTER TABLE `role`
  MODIFY `id` bigint(20) NOT NULL AUTO_INCREMENT,AUTO_INCREMENT=4;
--
-- AUTO_INCREMENT для таблицы `route`
--
ALTER TABLE `route`
  MODIFY `id` int(11) NOT NULL AUTO_INCREMENT,AUTO_INCREMENT=5;
--
-- AUTO_INCREMENT для таблицы `routeComposition`
--
ALTER TABLE `routeComposition`
  MODIFY `id` int(11) NOT NULL AUTO_INCREMENT,AUTO_INCREMENT=262;
--
-- AUTO_INCREMENT для таблицы `schedule`
--
ALTER TABLE `schedule`
  MODIFY `id` int(11) NOT NULL AUTO_INCREMENT,AUTO_INCREMENT=13;
--
-- AUTO_INCREMENT для таблицы `segment`
--
ALTER TABLE `segment`
  MODIFY `id` int(11) NOT NULL AUTO_INCREMENT,AUTO_INCREMENT=58;
--
-- AUTO_INCREMENT для таблицы `siteCarClass`
--
ALTER TABLE `siteCarClass`
  MODIFY `id` int(11) NOT NULL AUTO_INCREMENT,AUTO_INCREMENT=6;
--
-- AUTO_INCREMENT для таблицы `sitePrototype`
--
ALTER TABLE `sitePrototype`
  MODIFY `id` int(11) NOT NULL AUTO_INCREMENT,AUTO_INCREMENT=109;
--
-- AUTO_INCREMENT для таблицы `station`
--
ALTER TABLE `station`
  MODIFY `id` int(11) NOT NULL AUTO_INCREMENT,AUTO_INCREMENT=11;
--
-- AUTO_INCREMENT для таблицы `ticket`
--
ALTER TABLE `ticket`
  MODIFY `id` int(11) NOT NULL AUTO_INCREMENT;
--
-- AUTO_INCREMENT для таблицы `ticketComposition`
--
ALTER TABLE `ticketComposition`
  MODIFY `id` int(11) NOT NULL AUTO_INCREMENT;
--
-- AUTO_INCREMENT для таблицы `train`
--
ALTER TABLE `train`
  MODIFY `id` int(11) NOT NULL AUTO_INCREMENT,AUTO_INCREMENT=12;
--
-- AUTO_INCREMENT для таблицы `trainComposition`
--
ALTER TABLE `trainComposition`
  MODIFY `id` int(11) NOT NULL AUTO_INCREMENT,AUTO_INCREMENT=48;
--
-- AUTO_INCREMENT для таблицы `tripsSite`
--
ALTER TABLE `tripsSite`
  MODIFY `id` int(11) NOT NULL AUTO_INCREMENT,AUTO_INCREMENT=3331;
--
-- AUTO_INCREMENT для таблицы `user`
--
ALTER TABLE `user`
  MODIFY `id` bigint(20) NOT NULL AUTO_INCREMENT,AUTO_INCREMENT=8;
--
-- Ограничения внешнего ключа сохраненных таблиц
--

--
-- Ограничения внешнего ключа таблицы `car`
--
ALTER TABLE `car`
  ADD CONSTRAINT `carPrototypeId` FOREIGN KEY (`carPrototypeId`) REFERENCES `carPrototype` (`id`);

--
-- Ограничения внешнего ключа таблицы `carPrototype`
--
ALTER TABLE `carPrototype`
  ADD CONSTRAINT `cl` FOREIGN KEY (`classId`) REFERENCES `sitecarclass` (`id`);

--
-- Ограничения внешнего ключа таблицы `carPrototypeComposition`
--
ALTER TABLE `carPrototypeComposition`
  ADD CONSTRAINT `carPrototId` FOREIGN KEY (`carPrototypeId`) REFERENCES `carPrototype` (`id`),
  ADD CONSTRAINT `sitePrototypeId` FOREIGN KEY (`sitePrototypeId`) REFERENCES `sitePrototype` (`id`);

--
-- Ограничения внешнего ключа таблицы `routeComposition`
--
ALTER TABLE `routeComposition`
  ADD CONSTRAINT `routeId` FOREIGN KEY (`routeId`) REFERENCES `route` (`id`),
  ADD CONSTRAINT `segmId` FOREIGN KEY (`segmentId`) REFERENCES `segment` (`id`);

--
-- Ограничения внешнего ключа таблицы `schedule`
--
ALTER TABLE `schedule`
  ADD CONSTRAINT `route` FOREIGN KEY (`routeId`) REFERENCES `route` (`id`),
  ADD CONSTRAINT `trainId` FOREIGN KEY (`trainId`) REFERENCES `train` (`id`) ON DELETE NO ACTION ON UPDATE NO ACTION;

--
-- Ограничения внешнего ключа таблицы `segment`
--
ALTER TABLE `segment`
  ADD CONSTRAINT `dep` FOREIGN KEY (`departureStationId`) REFERENCES `station` (`id`),
  ADD CONSTRAINT `des` FOREIGN KEY (`destinationStationId`) REFERENCES `station` (`id`);

--
-- Ограничения внешнего ключа таблицы `sitePrototype`
--
ALTER TABLE `sitePrototype`
  ADD CONSTRAINT `class` FOREIGN KEY (`classId`) REFERENCES `siteCarClass` (`id`);

--
-- Ограничения внешнего ключа таблицы `ticket`
--
ALTER TABLE `ticket`
  ADD CONSTRAINT `train_id` FOREIGN KEY (`trainId`) REFERENCES `train` (`id`),
  ADD CONSTRAINT `user` FOREIGN KEY (`userId`) REFERENCES `user` (`id`);

--
-- Ограничения внешнего ключа таблицы `ticketComposition`
--
ALTER TABLE `ticketComposition`
  ADD CONSTRAINT `ticket` FOREIGN KEY (`ticketId`) REFERENCES `ticket` (`id`),
  ADD CONSTRAINT `tripsiteid` FOREIGN KEY (`tripsSiteId`) REFERENCES `tripsSite` (`id`);

--
-- Ограничения внешнего ключа таблицы `trainComposition`
--
ALTER TABLE `trainComposition`
  ADD CONSTRAINT `car` FOREIGN KEY (`carId`) REFERENCES `car` (`id`),
  ADD CONSTRAINT `train` FOREIGN KEY (`trainId`) REFERENCES `train` (`id`);

--
-- Ограничения внешнего ключа таблицы `tripsSite`
--
ALTER TABLE `tripsSite`
  ADD CONSTRAINT `carid` FOREIGN KEY (`carId`) REFERENCES `car` (`id`),
  ADD CONSTRAINT `schedulId` FOREIGN KEY (`scheduleId`) REFERENCES `schedule` (`id`),
  ADD CONSTRAINT `segment` FOREIGN KEY (`segmentId`) REFERENCES `segment` (`id`),
  ADD CONSTRAINT `sitePrototype` FOREIGN KEY (`sitePrototypeId`) REFERENCES `sitePrototype` (`id`);

--
-- Ограничения внешнего ключа таблицы `userRole`
--
ALTER TABLE `userRole`
  ADD CONSTRAINT `roleId` FOREIGN KEY (`user_role_id`) REFERENCES `role` (`id`),
  ADD CONSTRAINT `userId` FOREIGN KEY (`user_id`) REFERENCES `user` (`id`);

/*!40101 SET CHARACTER_SET_CLIENT=@OLD_CHARACTER_SET_CLIENT */;
/*!40101 SET CHARACTER_SET_RESULTS=@OLD_CHARACTER_SET_RESULTS */;
/*!40101 SET COLLATION_CONNECTION=@OLD_COLLATION_CONNECTION */;
