-- phpMyAdmin SQL Dump
-- version 4.4.15.7
-- http://www.phpmyadmin.net
--
-- Хост: 127.0.0.1:3306
-- Время создания: Май 25 2017 г., 14:15
-- Версия сервера: 5.5.50
-- Версия PHP: 5.3.29

SET SQL_MODE = "NO_AUTO_VALUE_ON_ZERO";
SET time_zone = "+00:00";


/*!40101 SET @OLD_CHARACTER_SET_CLIENT=@@CHARACTER_SET_CLIENT */;
/*!40101 SET @OLD_CHARACTER_SET_RESULTS=@@CHARACTER_SET_RESULTS */;
/*!40101 SET @OLD_COLLATION_CONNECTION=@@COLLATION_CONNECTION */;
/*!40101 SET NAMES utf8mb4 */;

--
-- База данных: `sbb`
--

-- --------------------------------------------------------

--
-- Структура таблицы `car`
--

CREATE TABLE IF NOT EXISTS `car` (
  `id` int(11) NOT NULL,
  `carPrototypeId` int(11) NOT NULL,
  `number` int(11) NOT NULL
) ENGINE=InnoDB AUTO_INCREMENT=13 DEFAULT CHARSET=utf8;

--
-- Дамп данных таблицы `car`
--

INSERT INTO `car` (`id`, `carPrototypeId`, `number`) VALUES
(1, 1, 1),
(2, 1, 2),
(3, 1, 3),
(4, 1, 4),
(5, 2, 5),
(12, 1, 10);

-- --------------------------------------------------------

--
-- Структура таблицы `carPrototype`
--

CREATE TABLE IF NOT EXISTS `carPrototype` (
  `id` int(11) NOT NULL,
  `classId` int(11) NOT NULL,
  `svgFileName` varchar(35) NOT NULL
) ENGINE=InnoDB AUTO_INCREMENT=3 DEFAULT CHARSET=utf8;

--
-- Дамп данных таблицы `carPrototype`
--

INSERT INTO `carPrototype` (`id`, `classId`, `svgFileName`) VALUES
(1, 1, 'standard'),
(2, 3, 'business');

-- --------------------------------------------------------

--
-- Структура таблицы `carPrototypeComposition`
--

CREATE TABLE IF NOT EXISTS `carPrototypeComposition` (
  `id` int(11) NOT NULL,
  `carPrototypeId` int(11) NOT NULL,
  `sitePrototypeId` int(11) NOT NULL
) ENGINE=InnoDB AUTO_INCREMENT=91 DEFAULT CHARSET=utf8;

--
-- Дамп данных таблицы `carPrototypeComposition`
--

INSERT INTO `carPrototypeComposition` (`id`, `carPrototypeId`, `sitePrototypeId`) VALUES
(1, 1, 1),
(2, 1, 2),
(3, 1, 3),
(4, 1, 4),
(5, 1, 5),
(6, 1, 6),
(7, 1, 7),
(8, 1, 8),
(9, 1, 9),
(10, 1, 10),
(11, 1, 11),
(12, 1, 12),
(13, 1, 13),
(14, 1, 14),
(15, 1, 15),
(16, 1, 16),
(17, 1, 17),
(18, 1, 18),
(19, 1, 19),
(20, 1, 20),
(21, 1, 21),
(22, 1, 22),
(23, 1, 23),
(24, 1, 24),
(25, 1, 25),
(26, 1, 26),
(27, 1, 27),
(28, 1, 28),
(29, 1, 29),
(30, 1, 30),
(31, 1, 31),
(32, 1, 32),
(33, 1, 33),
(34, 1, 34),
(35, 1, 35),
(36, 1, 36),
(37, 1, 37),
(38, 1, 38),
(39, 1, 39),
(40, 1, 40),
(41, 1, 41),
(42, 1, 42),
(43, 1, 43),
(44, 1, 44),
(45, 1, 45),
(46, 1, 46),
(47, 1, 47),
(48, 1, 48),
(49, 1, 49),
(50, 1, 50),
(51, 1, 51),
(52, 1, 52),
(53, 1, 53),
(54, 1, 54),
(55, 2, 55),
(56, 2, 56),
(57, 2, 57),
(58, 2, 58),
(59, 2, 59),
(60, 2, 60),
(61, 2, 61),
(62, 2, 62),
(63, 2, 63),
(64, 2, 64),
(65, 2, 65),
(66, 2, 66),
(67, 2, 67),
(68, 2, 68),
(69, 2, 69),
(70, 2, 70),
(71, 2, 71),
(72, 2, 72),
(73, 2, 73),
(74, 2, 74),
(75, 2, 75),
(76, 2, 76),
(77, 2, 77),
(78, 2, 78),
(79, 2, 79),
(80, 2, 80),
(81, 2, 81),
(82, 2, 82),
(83, 2, 83),
(84, 2, 84),
(85, 2, 85),
(86, 2, 86),
(87, 2, 87),
(88, 2, 88),
(89, 2, 89),
(90, 2, 90);

-- --------------------------------------------------------

--
-- Структура таблицы `passenger`
--

CREATE TABLE IF NOT EXISTS `passenger` (
  `id` int(11) NOT NULL,
  `name` varchar(45) NOT NULL,
  `surname` varchar(45) NOT NULL,
  `birthDate` date NOT NULL,
  `idUser` int(11) NOT NULL
) ENGINE=InnoDB AUTO_INCREMENT=3 DEFAULT CHARSET=utf8;

--
-- Дамп данных таблицы `passenger`
--

INSERT INTO `passenger` (`id`, `name`, `surname`, `birthDate`, `idUser`) VALUES
(1, 'Roman', 'Pleshchenko', '1989-04-04', 1),
(2, 'Vasya', 'Pupkin', '2017-04-01', 2);

-- --------------------------------------------------------

--
-- Структура таблицы `role`
--

CREATE TABLE IF NOT EXISTS `role` (
  `id` bigint(20) NOT NULL,
  `type` varchar(30) NOT NULL
) ENGINE=InnoDB AUTO_INCREMENT=4 DEFAULT CHARSET=utf8;

--
-- Дамп данных таблицы `role`
--

INSERT INTO `role` (`id`, `type`) VALUES
(2, 'ADMIN'),
(3, 'DBA'),
(1, 'USER');

-- --------------------------------------------------------

--
-- Структура таблицы `route`
--

CREATE TABLE IF NOT EXISTS `route` (
  `id` int(11) NOT NULL,
  `number` varchar(30) NOT NULL,
  `name` varchar(30) NOT NULL
) ENGINE=InnoDB AUTO_INCREMENT=4 DEFAULT CHARSET=utf8;

--
-- Дамп данных таблицы `route`
--

INSERT INTO `route` (`id`, `number`, `name`) VALUES
(1, '766A', 'Moskva-Sankt-Peterburg'),
(2, '766B', 'Sankt-Peterburg-Moskva'),
(3, '100MV', 'Moscow-Volochek');

-- --------------------------------------------------------

--
-- Структура таблицы `routeComposition`
--

CREATE TABLE IF NOT EXISTS `routeComposition` (
  `id` int(11) NOT NULL,
  `routeId` int(11) NOT NULL,
  `segmentId` int(11) NOT NULL,
  `departureTime` int(11) NOT NULL,
  `destinationTime` int(11) NOT NULL
) ENGINE=InnoDB AUTO_INCREMENT=245 DEFAULT CHARSET=utf8;

--
-- Дамп данных таблицы `routeComposition`
--

INSERT INTO `routeComposition` (`id`, `routeId`, `segmentId`, `departureTime`, `destinationTime`) VALUES
(1, 1, 30, 0, 169),
(2, 1, 31, 174, 293),
(3, 1, 32, 295, 340),
(4, 1, 33, 343, 373),
(5, 1, 34, 376, 507),
(6, 1, 35, 517, 635),
(216, 2, 44, 0, 100),
(217, 2, 45, 105, 200),
(218, 2, 47, 205, 300),
(219, 2, 48, 305, 400),
(220, 2, 49, 405, 500),
(221, 2, 50, 505, 600),
(244, 3, 41, 0, 1);

-- --------------------------------------------------------

--
-- Структура таблицы `schedule`
--

CREATE TABLE IF NOT EXISTS `schedule` (
  `id` int(11) NOT NULL,
  `active` tinyint(1) NOT NULL,
  `composed` tinyint(1) NOT NULL,
  `routeId` int(11) NOT NULL,
  `trainId` int(11) NOT NULL,
  `departureTime` timestamp NULL DEFAULT '0000-00-00 00:00:00',
  `destinationTime` timestamp NOT NULL DEFAULT '0000-00-00 00:00:00'
) ENGINE=InnoDB AUTO_INCREMENT=10 DEFAULT CHARSET=utf8;

--
-- Дамп данных таблицы `schedule`
--

INSERT INTO `schedule` (`id`, `active`, `composed`, `routeId`, `trainId`, `departureTime`, `destinationTime`) VALUES
(1, 1, 1, 1, 4, '2017-05-01 00:00:00', '2017-05-01 10:35:00'),
(2, 1, 1, 1, 4, '2017-05-01 21:00:00', '2017-05-02 07:35:00'),
(9, 1, 0, 3, 4, '2017-05-25 02:00:00', '2017-05-25 05:20:00');

-- --------------------------------------------------------

--
-- Структура таблицы `segment`
--

CREATE TABLE IF NOT EXISTS `segment` (
  `id` int(11) NOT NULL,
  `departureStationId` int(11) NOT NULL,
  `destinationStationId` int(11) NOT NULL
) ENGINE=InnoDB AUTO_INCREMENT=51 DEFAULT CHARSET=utf8;

--
-- Дамп данных таблицы `segment`
--

INSERT INTO `segment` (`id`, `departureStationId`, `destinationStationId`) VALUES
(30, 1, 5),
(31, 5, 6),
(32, 6, 7),
(33, 7, 8),
(34, 8, 9),
(35, 9, 10),
(41, 7, 7),
(42, 7, 1),
(43, 8, 1),
(44, 10, 9),
(45, 9, 8),
(46, 1, 10),
(47, 8, 7),
(48, 7, 6),
(49, 6, 5),
(50, 5, 1);

-- --------------------------------------------------------

--
-- Структура таблицы `siteCarClass`
--

CREATE TABLE IF NOT EXISTS `siteCarClass` (
  `id` int(11) NOT NULL,
  `name` varchar(30) NOT NULL
) ENGINE=InnoDB AUTO_INCREMENT=4 DEFAULT CHARSET=utf8;

--
-- Дамп данных таблицы `siteCarClass`
--

INSERT INTO `siteCarClass` (`id`, `name`) VALUES
(1, 'standard'),
(3, 'business');

-- --------------------------------------------------------

--
-- Структура таблицы `sitePrototype`
--

CREATE TABLE IF NOT EXISTS `sitePrototype` (
  `id` int(11) NOT NULL,
  `number` int(3) NOT NULL,
  `location` varchar(30) NOT NULL,
  `level` varchar(30) NOT NULL,
  `classId` int(11) NOT NULL
) ENGINE=InnoDB AUTO_INCREMENT=91 DEFAULT CHARSET=utf8;

--
-- Дамп данных таблицы `sitePrototype`
--

INSERT INTO `sitePrototype` (`id`, `number`, `location`, `level`, `classId`) VALUES
(1, 1, 'inner', 'bottom', 1),
(2, 2, 'inner', 'top', 1),
(3, 3, 'inner', 'bottom', 1),
(4, 4, 'inner', 'top', 1),
(5, 5, 'inner', 'bottom', 1),
(6, 6, 'inner', 'top', 1),
(7, 7, 'inner', 'bottom', 1),
(8, 8, 'inner', 'top', 1),
(9, 9, 'inner', 'bottom', 1),
(10, 10, 'inner', 'top', 1),
(11, 11, 'inner', 'bottom', 1),
(12, 12, 'inner', 'top', 1),
(13, 13, 'inner', 'bottom', 1),
(14, 14, 'inner', 'top', 1),
(15, 15, 'inner', 'bottom', 1),
(16, 16, 'inner', 'top', 1),
(17, 17, 'inner', 'bottom', 1),
(18, 18, 'inner', 'top', 1),
(19, 19, 'inner', 'bottom', 1),
(20, 20, 'inner', 'top', 1),
(21, 21, 'inner', 'bottom', 1),
(22, 22, 'inner', 'top', 1),
(23, 23, 'inner', 'bottom', 1),
(24, 24, 'inner', 'top', 1),
(25, 25, 'inner', 'bottom', 1),
(26, 26, 'inner', 'top', 1),
(27, 27, 'inner', 'bottom', 1),
(28, 28, 'inner', 'top', 1),
(29, 29, 'inner', 'bottom', 1),
(30, 30, 'inner', 'top', 1),
(31, 31, 'inner', 'bottom', 1),
(32, 32, 'inner', 'top', 1),
(33, 33, 'inner', 'bottom', 1),
(34, 34, 'inner', 'top', 1),
(35, 35, 'inner', 'bottom', 1),
(36, 36, 'inner', 'top', 1),
(37, 37, 'side', 'bottom', 1),
(38, 38, 'side', 'top', 1),
(39, 39, 'side', 'bottom', 1),
(40, 40, 'side', 'top', 1),
(41, 41, 'side', 'bottom', 1),
(42, 42, 'side', 'top', 1),
(43, 43, 'side', 'bottom', 1),
(44, 44, 'side', 'top', 1),
(45, 45, 'side', 'bottom', 1),
(46, 46, 'side', 'top', 1),
(47, 47, 'side', 'bottom', 1),
(48, 48, 'side', 'top', 1),
(49, 49, 'side', 'bottom', 1),
(50, 50, 'side', 'top', 1),
(51, 51, 'side', 'bottom', 1),
(52, 52, 'side', 'top', 1),
(53, 53, 'side', 'bottom', 1),
(54, 54, 'side', 'top', 1),
(55, 1, 'inner', 'bottom', 3),
(56, 2, 'inner', 'top', 3),
(57, 3, 'inner', 'bottom', 3),
(58, 4, 'inner', 'top', 3),
(59, 5, 'inner', 'bottom', 3),
(60, 6, 'inner', 'top', 3),
(61, 7, 'inner', 'bottom', 3),
(62, 8, 'inner', 'top', 3),
(63, 9, 'inner', 'bottom', 3),
(64, 10, 'inner', 'top', 3),
(65, 11, 'inner', 'bottom', 3),
(66, 12, 'inner', 'top', 3),
(67, 13, 'inner', 'bottom', 3),
(68, 14, 'inner', 'top', 3),
(69, 15, 'inner', 'bottom', 3),
(70, 16, 'inner', 'top', 3),
(71, 17, 'inner', 'bottom', 3),
(72, 18, 'inner', 'top', 3),
(73, 19, 'inner', 'bottom', 3),
(74, 20, 'inner', 'top', 3),
(75, 21, 'inner', 'bottom', 3),
(76, 22, 'inner', 'top', 3),
(77, 23, 'inner', 'bottom', 3),
(78, 24, 'inner', 'top', 3),
(79, 25, 'inner', 'bottom', 3),
(80, 26, 'inner', 'top', 3),
(81, 27, 'inner', 'bottom', 3),
(82, 28, 'inner', 'top', 3),
(83, 29, 'inner', 'bottom', 3),
(84, 30, 'inner', 'top', 3),
(85, 31, 'inner', 'bottom', 3),
(86, 32, 'inner', 'top', 3),
(87, 33, 'inner', 'bottom', 3),
(88, 34, 'inner', 'top', 3),
(89, 35, 'inner', 'bottom', 3),
(90, 36, 'inner', 'top', 3);

-- --------------------------------------------------------

--
-- Структура таблицы `station`
--

CREATE TABLE IF NOT EXISTS `station` (
  `id` int(11) NOT NULL,
  `name` varchar(45) NOT NULL
) ENGINE=InnoDB AUTO_INCREMENT=11 DEFAULT CHARSET=utf8;

--
-- Дамп данных таблицы `station`
--

INSERT INTO `station` (`id`, `name`) VALUES
(1, 'Moscow'),
(5, 'Tver'),
(6, 'Volochek'),
(7, 'Bologoe'),
(8, 'Okulovka'),
(9, 'Chudovo'),
(10, 'Sankt-Peterburg');

-- --------------------------------------------------------

--
-- Структура таблицы `ticket`
--

CREATE TABLE IF NOT EXISTS `ticket` (
  `id` int(11) NOT NULL,
  `userId` bigint(20) NOT NULL,
  `destinationStationId` int(11) NOT NULL,
  `departureStationId` int(11) NOT NULL,
  `destinationTime` timestamp NULL DEFAULT '0000-00-00 00:00:00',
  `departureTime` timestamp NULL DEFAULT CURRENT_TIMESTAMP,
  `trainId` int(11) NOT NULL
) ENGINE=InnoDB AUTO_INCREMENT=68 DEFAULT CHARSET=utf8;

--
-- Дамп данных таблицы `ticket`
--

INSERT INTO `ticket` (`id`, `userId`, `destinationStationId`, `departureStationId`, `destinationTime`, `departureTime`, `trainId`) VALUES
(64, 5, 1, 7, '2017-05-01 05:40:00', '2017-05-01 00:00:00', 4),
(65, 5, 1, 7, '2017-05-01 00:00:00', '2017-05-01 05:40:00', 4),
(66, 5, 1, 7, '2017-05-01 00:00:00', '2017-05-01 05:40:00', 4),
(67, 5, 1, 7, '2017-05-01 00:00:00', '2017-05-01 05:40:00', 4);

-- --------------------------------------------------------

--
-- Структура таблицы `ticketComposition`
--

CREATE TABLE IF NOT EXISTS `ticketComposition` (
  `id` int(11) NOT NULL,
  `ticketId` int(11) NOT NULL,
  `tripsSiteId` int(11) NOT NULL
) ENGINE=InnoDB AUTO_INCREMENT=169 DEFAULT CHARSET=utf8;

--
-- Дамп данных таблицы `ticketComposition`
--

INSERT INTO `ticketComposition` (`id`, `ticketId`, `tripsSiteId`) VALUES
(157, 64, 673),
(158, 64, 674),
(159, 64, 675),
(160, 65, 661),
(161, 65, 662),
(162, 65, 663),
(163, 66, 661),
(164, 66, 662),
(165, 66, 663),
(166, 67, 661),
(167, 67, 662),
(168, 67, 663);

-- --------------------------------------------------------

--
-- Структура таблицы `train`
--

CREATE TABLE IF NOT EXISTS `train` (
  `id` int(11) NOT NULL,
  `number` varchar(45) NOT NULL
) ENGINE=InnoDB AUTO_INCREMENT=11 DEFAULT CHARSET=utf8;

--
-- Дамп данных таблицы `train`
--

INSERT INTO `train` (`id`, `number`) VALUES
(4, 's55'),
(6, 'sd80'),
(10, 'Sapsan100');

-- --------------------------------------------------------

--
-- Структура таблицы `trainComposition`
--

CREATE TABLE IF NOT EXISTS `trainComposition` (
  `id` int(11) NOT NULL,
  `trainId` int(11) NOT NULL,
  `carId` int(11) NOT NULL
) ENGINE=InnoDB AUTO_INCREMENT=44 DEFAULT CHARSET=utf8;

--
-- Дамп данных таблицы `trainComposition`
--

INSERT INTO `trainComposition` (`id`, `trainId`, `carId`) VALUES
(1, 4, 1),
(2, 4, 5),
(40, 10, 2),
(41, 10, 3),
(42, 10, 4),
(43, 10, 1);

-- --------------------------------------------------------

--
-- Структура таблицы `tripsSite`
--

CREATE TABLE IF NOT EXISTS `tripsSite` (
  `id` int(11) NOT NULL,
  `scheduleId` int(11) NOT NULL,
  `carId` int(11) NOT NULL,
  `segmentId` int(11) NOT NULL,
  `sitePrototypeId` int(11) NOT NULL,
  `sold` tinyint(1) NOT NULL
) ENGINE=InnoDB AUTO_INCREMENT=1711 DEFAULT CHARSET=utf8;

--
-- Дамп данных таблицы `tripsSite`
--

INSERT INTO `tripsSite` (`id`, `scheduleId`, `carId`, `segmentId`, `sitePrototypeId`, `sold`) VALUES
(631, 1, 1, 30, 1, 1),
(632, 1, 1, 31, 1, 1),
(633, 1, 1, 32, 1, 1),
(634, 1, 1, 33, 1, 0),
(635, 1, 1, 34, 1, 0),
(636, 1, 1, 35, 1, 0),
(637, 1, 1, 30, 2, 1),
(638, 1, 1, 31, 2, 1),
(639, 1, 1, 32, 2, 1),
(640, 1, 1, 33, 2, 0),
(641, 1, 1, 34, 2, 0),
(642, 1, 1, 35, 2, 0),
(643, 1, 1, 30, 3, 1),
(644, 1, 1, 31, 3, 1),
(645, 1, 1, 32, 3, 1),
(646, 1, 1, 33, 3, 0),
(647, 1, 1, 34, 3, 0),
(648, 1, 1, 35, 3, 0),
(649, 1, 1, 30, 4, 1),
(650, 1, 1, 31, 4, 1),
(651, 1, 1, 32, 4, 1),
(652, 1, 1, 33, 4, 0),
(653, 1, 1, 34, 4, 0),
(654, 1, 1, 35, 4, 0),
(655, 1, 1, 30, 5, 1),
(656, 1, 1, 31, 5, 1),
(657, 1, 1, 32, 5, 1),
(658, 1, 1, 33, 5, 0),
(659, 1, 1, 34, 5, 0),
(660, 1, 1, 35, 5, 0),
(661, 1, 1, 30, 6, 1),
(662, 1, 1, 31, 6, 1),
(663, 1, 1, 32, 6, 1),
(664, 1, 1, 33, 6, 0),
(665, 1, 1, 34, 6, 0),
(666, 1, 1, 35, 6, 0),
(667, 1, 1, 30, 7, 1),
(668, 1, 1, 31, 7, 1),
(669, 1, 1, 32, 7, 1),
(670, 1, 1, 33, 7, 0),
(671, 1, 1, 34, 7, 0),
(672, 1, 1, 35, 7, 0),
(673, 1, 1, 30, 8, 1),
(674, 1, 1, 31, 8, 1),
(675, 1, 1, 32, 8, 1),
(676, 1, 1, 33, 8, 0),
(677, 1, 1, 34, 8, 0),
(678, 1, 1, 35, 8, 0),
(679, 1, 1, 30, 9, 0),
(680, 1, 1, 31, 9, 0),
(681, 1, 1, 32, 9, 0),
(682, 1, 1, 33, 9, 0),
(683, 1, 1, 34, 9, 0),
(684, 1, 1, 35, 9, 0),
(685, 1, 1, 30, 10, 0),
(686, 1, 1, 31, 10, 0),
(687, 1, 1, 32, 10, 0),
(688, 1, 1, 33, 10, 0),
(689, 1, 1, 34, 10, 0),
(690, 1, 1, 35, 10, 0),
(691, 1, 1, 30, 11, 0),
(692, 1, 1, 31, 11, 0),
(693, 1, 1, 32, 11, 0),
(694, 1, 1, 33, 11, 0),
(695, 1, 1, 34, 11, 0),
(696, 1, 1, 35, 11, 0),
(697, 1, 1, 30, 12, 0),
(698, 1, 1, 31, 12, 0),
(699, 1, 1, 32, 12, 0),
(700, 1, 1, 33, 12, 0),
(701, 1, 1, 34, 12, 0),
(702, 1, 1, 35, 12, 0),
(703, 1, 1, 30, 13, 0),
(704, 1, 1, 31, 13, 0),
(705, 1, 1, 32, 13, 0),
(706, 1, 1, 33, 13, 0),
(707, 1, 1, 34, 13, 0),
(708, 1, 1, 35, 13, 0),
(709, 1, 1, 30, 14, 0),
(710, 1, 1, 31, 14, 0),
(711, 1, 1, 32, 14, 0),
(712, 1, 1, 33, 14, 0),
(713, 1, 1, 34, 14, 0),
(714, 1, 1, 35, 14, 0),
(715, 1, 1, 30, 15, 1),
(716, 1, 1, 31, 15, 1),
(717, 1, 1, 32, 15, 1),
(718, 1, 1, 33, 15, 0),
(719, 1, 1, 34, 15, 0),
(720, 1, 1, 35, 15, 0),
(721, 1, 1, 30, 16, 0),
(722, 1, 1, 31, 16, 0),
(723, 1, 1, 32, 16, 0),
(724, 1, 1, 33, 16, 0),
(725, 1, 1, 34, 16, 0),
(726, 1, 1, 35, 16, 0),
(727, 1, 1, 30, 17, 0),
(728, 1, 1, 31, 17, 0),
(729, 1, 1, 32, 17, 0),
(730, 1, 1, 33, 17, 0),
(731, 1, 1, 34, 17, 0),
(732, 1, 1, 35, 17, 0),
(733, 1, 1, 30, 18, 0),
(734, 1, 1, 31, 18, 0),
(735, 1, 1, 32, 18, 0),
(736, 1, 1, 33, 18, 0),
(737, 1, 1, 34, 18, 0),
(738, 1, 1, 35, 18, 0),
(739, 1, 1, 30, 19, 0),
(740, 1, 1, 31, 19, 0),
(741, 1, 1, 32, 19, 0),
(742, 1, 1, 33, 19, 0),
(743, 1, 1, 34, 19, 0),
(744, 1, 1, 35, 19, 0),
(745, 1, 1, 30, 20, 0),
(746, 1, 1, 31, 20, 0),
(747, 1, 1, 32, 20, 0),
(748, 1, 1, 33, 20, 0),
(749, 1, 1, 34, 20, 0),
(750, 1, 1, 35, 20, 0),
(751, 1, 1, 30, 21, 0),
(752, 1, 1, 31, 21, 0),
(753, 1, 1, 32, 21, 0),
(754, 1, 1, 33, 21, 0),
(755, 1, 1, 34, 21, 0),
(756, 1, 1, 35, 21, 0),
(757, 1, 1, 30, 22, 0),
(758, 1, 1, 31, 22, 0),
(759, 1, 1, 32, 22, 0),
(760, 1, 1, 33, 22, 0),
(761, 1, 1, 34, 22, 0),
(762, 1, 1, 35, 22, 0),
(763, 1, 1, 30, 23, 0),
(764, 1, 1, 31, 23, 0),
(765, 1, 1, 32, 23, 0),
(766, 1, 1, 33, 23, 0),
(767, 1, 1, 34, 23, 0),
(768, 1, 1, 35, 23, 0),
(769, 1, 1, 30, 24, 0),
(770, 1, 1, 31, 24, 0),
(771, 1, 1, 32, 24, 0),
(772, 1, 1, 33, 24, 0),
(773, 1, 1, 34, 24, 0),
(774, 1, 1, 35, 24, 0),
(775, 1, 1, 30, 25, 0),
(776, 1, 1, 31, 25, 0),
(777, 1, 1, 32, 25, 0),
(778, 1, 1, 33, 25, 0),
(779, 1, 1, 34, 25, 0),
(780, 1, 1, 35, 25, 0),
(781, 1, 1, 30, 26, 0),
(782, 1, 1, 31, 26, 0),
(783, 1, 1, 32, 26, 0),
(784, 1, 1, 33, 26, 0),
(785, 1, 1, 34, 26, 0),
(786, 1, 1, 35, 26, 0),
(787, 1, 1, 30, 27, 0),
(788, 1, 1, 31, 27, 0),
(789, 1, 1, 32, 27, 0),
(790, 1, 1, 33, 27, 0),
(791, 1, 1, 34, 27, 0),
(792, 1, 1, 35, 27, 0),
(793, 1, 1, 30, 28, 0),
(794, 1, 1, 31, 28, 0),
(795, 1, 1, 32, 28, 0),
(796, 1, 1, 33, 28, 0),
(797, 1, 1, 34, 28, 0),
(798, 1, 1, 35, 28, 0),
(799, 1, 1, 30, 29, 0),
(800, 1, 1, 31, 29, 0),
(801, 1, 1, 32, 29, 0),
(802, 1, 1, 33, 29, 0),
(803, 1, 1, 34, 29, 0),
(804, 1, 1, 35, 29, 0),
(805, 1, 1, 30, 30, 0),
(806, 1, 1, 31, 30, 0),
(807, 1, 1, 32, 30, 0),
(808, 1, 1, 33, 30, 0),
(809, 1, 1, 34, 30, 0),
(810, 1, 1, 35, 30, 0),
(811, 1, 1, 30, 31, 0),
(812, 1, 1, 31, 31, 0),
(813, 1, 1, 32, 31, 0),
(814, 1, 1, 33, 31, 0),
(815, 1, 1, 34, 31, 0),
(816, 1, 1, 35, 31, 0),
(817, 1, 1, 30, 32, 0),
(818, 1, 1, 31, 32, 0),
(819, 1, 1, 32, 32, 0),
(820, 1, 1, 33, 32, 0),
(821, 1, 1, 34, 32, 0),
(822, 1, 1, 35, 32, 0),
(823, 1, 1, 30, 33, 0),
(824, 1, 1, 31, 33, 0),
(825, 1, 1, 32, 33, 0),
(826, 1, 1, 33, 33, 0),
(827, 1, 1, 34, 33, 0),
(828, 1, 1, 35, 33, 0),
(829, 1, 1, 30, 34, 0),
(830, 1, 1, 31, 34, 0),
(831, 1, 1, 32, 34, 0),
(832, 1, 1, 33, 34, 0),
(833, 1, 1, 34, 34, 0),
(834, 1, 1, 35, 34, 0),
(835, 1, 1, 30, 35, 0),
(836, 1, 1, 31, 35, 0),
(837, 1, 1, 32, 35, 0),
(838, 1, 1, 33, 35, 0),
(839, 1, 1, 34, 35, 0),
(840, 1, 1, 35, 35, 0),
(841, 1, 1, 30, 36, 0),
(842, 1, 1, 31, 36, 0),
(843, 1, 1, 32, 36, 0),
(844, 1, 1, 33, 36, 0),
(845, 1, 1, 34, 36, 0),
(846, 1, 1, 35, 36, 0),
(847, 1, 1, 30, 37, 0),
(848, 1, 1, 31, 37, 0),
(849, 1, 1, 32, 37, 0),
(850, 1, 1, 33, 37, 0),
(851, 1, 1, 34, 37, 0),
(852, 1, 1, 35, 37, 0),
(853, 1, 1, 30, 38, 0),
(854, 1, 1, 31, 38, 0),
(855, 1, 1, 32, 38, 0),
(856, 1, 1, 33, 38, 0),
(857, 1, 1, 34, 38, 0),
(858, 1, 1, 35, 38, 0),
(859, 1, 1, 30, 39, 0),
(860, 1, 1, 31, 39, 0),
(861, 1, 1, 32, 39, 0),
(862, 1, 1, 33, 39, 0),
(863, 1, 1, 34, 39, 0),
(864, 1, 1, 35, 39, 0),
(865, 1, 1, 30, 40, 0),
(866, 1, 1, 31, 40, 0),
(867, 1, 1, 32, 40, 0),
(868, 1, 1, 33, 40, 0),
(869, 1, 1, 34, 40, 0),
(870, 1, 1, 35, 40, 0),
(871, 1, 1, 30, 41, 0),
(872, 1, 1, 31, 41, 0),
(873, 1, 1, 32, 41, 0),
(874, 1, 1, 33, 41, 0),
(875, 1, 1, 34, 41, 0),
(876, 1, 1, 35, 41, 0),
(877, 1, 1, 30, 42, 0),
(878, 1, 1, 31, 42, 0),
(879, 1, 1, 32, 42, 0),
(880, 1, 1, 33, 42, 0),
(881, 1, 1, 34, 42, 0),
(882, 1, 1, 35, 42, 0),
(883, 1, 1, 30, 43, 0),
(884, 1, 1, 31, 43, 0),
(885, 1, 1, 32, 43, 0),
(886, 1, 1, 33, 43, 0),
(887, 1, 1, 34, 43, 0),
(888, 1, 1, 35, 43, 0),
(889, 1, 1, 30, 44, 0),
(890, 1, 1, 31, 44, 0),
(891, 1, 1, 32, 44, 0),
(892, 1, 1, 33, 44, 0),
(893, 1, 1, 34, 44, 0),
(894, 1, 1, 35, 44, 0),
(895, 1, 1, 30, 45, 0),
(896, 1, 1, 31, 45, 0),
(897, 1, 1, 32, 45, 0),
(898, 1, 1, 33, 45, 0),
(899, 1, 1, 34, 45, 0),
(900, 1, 1, 35, 45, 0),
(901, 1, 1, 30, 46, 0),
(902, 1, 1, 31, 46, 0),
(903, 1, 1, 32, 46, 0),
(904, 1, 1, 33, 46, 0),
(905, 1, 1, 34, 46, 0),
(906, 1, 1, 35, 46, 0),
(907, 1, 1, 30, 47, 0),
(908, 1, 1, 31, 47, 0),
(909, 1, 1, 32, 47, 0),
(910, 1, 1, 33, 47, 0),
(911, 1, 1, 34, 47, 0),
(912, 1, 1, 35, 47, 0),
(913, 1, 1, 30, 48, 0),
(914, 1, 1, 31, 48, 0),
(915, 1, 1, 32, 48, 0),
(916, 1, 1, 33, 48, 0),
(917, 1, 1, 34, 48, 0),
(918, 1, 1, 35, 48, 0),
(919, 1, 1, 30, 49, 0),
(920, 1, 1, 31, 49, 0),
(921, 1, 1, 32, 49, 0),
(922, 1, 1, 33, 49, 0),
(923, 1, 1, 34, 49, 0),
(924, 1, 1, 35, 49, 0),
(925, 1, 1, 30, 50, 0),
(926, 1, 1, 31, 50, 0),
(927, 1, 1, 32, 50, 0),
(928, 1, 1, 33, 50, 0),
(929, 1, 1, 34, 50, 0),
(930, 1, 1, 35, 50, 0),
(931, 1, 1, 30, 51, 0),
(932, 1, 1, 31, 51, 0),
(933, 1, 1, 32, 51, 0),
(934, 1, 1, 33, 51, 0),
(935, 1, 1, 34, 51, 0),
(936, 1, 1, 35, 51, 0),
(937, 1, 1, 30, 52, 0),
(938, 1, 1, 31, 52, 0),
(939, 1, 1, 32, 52, 0),
(940, 1, 1, 33, 52, 0),
(941, 1, 1, 34, 52, 0),
(942, 1, 1, 35, 52, 0),
(943, 1, 1, 30, 53, 0),
(944, 1, 1, 31, 53, 0),
(945, 1, 1, 32, 53, 0),
(946, 1, 1, 33, 53, 0),
(947, 1, 1, 34, 53, 0),
(948, 1, 1, 35, 53, 0),
(949, 1, 1, 30, 54, 0),
(950, 1, 1, 31, 54, 0),
(951, 1, 1, 32, 54, 0),
(952, 1, 1, 33, 54, 0),
(953, 1, 1, 34, 54, 0),
(954, 1, 1, 35, 54, 0),
(955, 1, 5, 30, 64, 0),
(956, 1, 5, 31, 64, 0),
(957, 1, 5, 32, 64, 0),
(958, 1, 5, 33, 64, 0),
(959, 1, 5, 34, 64, 0),
(960, 1, 5, 35, 64, 0),
(961, 1, 5, 30, 65, 0),
(962, 1, 5, 31, 65, 0),
(963, 1, 5, 32, 65, 0),
(964, 1, 5, 33, 65, 0),
(965, 1, 5, 34, 65, 0),
(966, 1, 5, 35, 65, 0),
(967, 1, 5, 30, 66, 0),
(968, 1, 5, 31, 66, 0),
(969, 1, 5, 32, 66, 0),
(970, 1, 5, 33, 66, 0),
(971, 1, 5, 34, 66, 0),
(972, 1, 5, 35, 66, 0),
(973, 1, 5, 30, 67, 0),
(974, 1, 5, 31, 67, 0),
(975, 1, 5, 32, 67, 0),
(976, 1, 5, 33, 67, 0),
(977, 1, 5, 34, 67, 0),
(978, 1, 5, 35, 67, 0),
(979, 1, 5, 30, 68, 0),
(980, 1, 5, 31, 68, 0),
(981, 1, 5, 32, 68, 0),
(982, 1, 5, 33, 68, 0),
(983, 1, 5, 34, 68, 0),
(984, 1, 5, 35, 68, 0),
(985, 1, 5, 30, 69, 0),
(986, 1, 5, 31, 69, 0),
(987, 1, 5, 32, 69, 0),
(988, 1, 5, 33, 69, 0),
(989, 1, 5, 34, 69, 0),
(990, 1, 5, 35, 69, 0),
(991, 1, 5, 30, 70, 0),
(992, 1, 5, 31, 70, 0),
(993, 1, 5, 32, 70, 0),
(994, 1, 5, 33, 70, 0),
(995, 1, 5, 34, 70, 0),
(996, 1, 5, 35, 70, 0),
(997, 1, 5, 30, 71, 0),
(998, 1, 5, 31, 71, 0),
(999, 1, 5, 32, 71, 0),
(1000, 1, 5, 33, 71, 0),
(1001, 1, 5, 34, 71, 0),
(1002, 1, 5, 35, 71, 0),
(1003, 1, 5, 30, 72, 0),
(1004, 1, 5, 31, 72, 0),
(1005, 1, 5, 32, 72, 0),
(1006, 1, 5, 33, 72, 0),
(1007, 1, 5, 34, 72, 0),
(1008, 1, 5, 35, 72, 0),
(1009, 1, 5, 30, 73, 0),
(1010, 1, 5, 31, 73, 0),
(1011, 1, 5, 32, 73, 0),
(1012, 1, 5, 33, 73, 0),
(1013, 1, 5, 34, 73, 0),
(1014, 1, 5, 35, 73, 0),
(1015, 1, 5, 30, 74, 0),
(1016, 1, 5, 31, 74, 0),
(1017, 1, 5, 32, 74, 0),
(1018, 1, 5, 33, 74, 0),
(1019, 1, 5, 34, 74, 0),
(1020, 1, 5, 35, 74, 0),
(1021, 1, 5, 30, 75, 0),
(1022, 1, 5, 31, 75, 0),
(1023, 1, 5, 32, 75, 0),
(1024, 1, 5, 33, 75, 0),
(1025, 1, 5, 34, 75, 0),
(1026, 1, 5, 35, 75, 0),
(1027, 1, 5, 30, 76, 0),
(1028, 1, 5, 31, 76, 0),
(1029, 1, 5, 32, 76, 0),
(1030, 1, 5, 33, 76, 0),
(1031, 1, 5, 34, 76, 0),
(1032, 1, 5, 35, 76, 0),
(1033, 1, 5, 30, 77, 0),
(1034, 1, 5, 31, 77, 0),
(1035, 1, 5, 32, 77, 0),
(1036, 1, 5, 33, 77, 0),
(1037, 1, 5, 34, 77, 0),
(1038, 1, 5, 35, 77, 0),
(1039, 1, 5, 30, 78, 0),
(1040, 1, 5, 31, 78, 0),
(1041, 1, 5, 32, 78, 0),
(1042, 1, 5, 33, 78, 0),
(1043, 1, 5, 34, 78, 0),
(1044, 1, 5, 35, 78, 0),
(1045, 1, 5, 30, 79, 0),
(1046, 1, 5, 31, 79, 0),
(1047, 1, 5, 32, 79, 0),
(1048, 1, 5, 33, 79, 0),
(1049, 1, 5, 34, 79, 0),
(1050, 1, 5, 35, 79, 0),
(1051, 1, 5, 30, 80, 0),
(1052, 1, 5, 31, 80, 0),
(1053, 1, 5, 32, 80, 0),
(1054, 1, 5, 33, 80, 0),
(1055, 1, 5, 34, 80, 0),
(1056, 1, 5, 35, 80, 0),
(1057, 1, 5, 30, 81, 0),
(1058, 1, 5, 31, 81, 0),
(1059, 1, 5, 32, 81, 0),
(1060, 1, 5, 33, 81, 0),
(1061, 1, 5, 34, 81, 0),
(1062, 1, 5, 35, 81, 0),
(1063, 1, 5, 30, 82, 0),
(1064, 1, 5, 31, 82, 0),
(1065, 1, 5, 32, 82, 0),
(1066, 1, 5, 33, 82, 0),
(1067, 1, 5, 34, 82, 0),
(1068, 1, 5, 35, 82, 0),
(1069, 1, 5, 30, 83, 0),
(1070, 1, 5, 31, 83, 0),
(1071, 1, 5, 32, 83, 0),
(1072, 1, 5, 33, 83, 0),
(1073, 1, 5, 34, 83, 0),
(1074, 1, 5, 35, 83, 0),
(1075, 1, 5, 30, 84, 0),
(1076, 1, 5, 31, 84, 0),
(1077, 1, 5, 32, 84, 0),
(1078, 1, 5, 33, 84, 0),
(1079, 1, 5, 34, 84, 0),
(1080, 1, 5, 35, 84, 0),
(1081, 1, 5, 30, 85, 0),
(1082, 1, 5, 31, 85, 0),
(1083, 1, 5, 32, 85, 0),
(1084, 1, 5, 33, 85, 0),
(1085, 1, 5, 34, 85, 0),
(1086, 1, 5, 35, 85, 0),
(1087, 1, 5, 30, 86, 0),
(1088, 1, 5, 31, 86, 0),
(1089, 1, 5, 32, 86, 0),
(1090, 1, 5, 33, 86, 0),
(1091, 1, 5, 34, 86, 0),
(1092, 1, 5, 35, 86, 0),
(1093, 1, 5, 30, 87, 0),
(1094, 1, 5, 31, 87, 0),
(1095, 1, 5, 32, 87, 0),
(1096, 1, 5, 33, 87, 0),
(1097, 1, 5, 34, 87, 0),
(1098, 1, 5, 35, 87, 0),
(1099, 1, 5, 30, 88, 0),
(1100, 1, 5, 31, 88, 0),
(1101, 1, 5, 32, 88, 0),
(1102, 1, 5, 33, 88, 0),
(1103, 1, 5, 34, 88, 0),
(1104, 1, 5, 35, 88, 0),
(1105, 1, 5, 30, 89, 0),
(1106, 1, 5, 31, 89, 0),
(1107, 1, 5, 32, 89, 0),
(1108, 1, 5, 33, 89, 0),
(1109, 1, 5, 34, 89, 0),
(1110, 1, 5, 35, 89, 0),
(1111, 1, 5, 30, 90, 0),
(1112, 1, 5, 31, 90, 0),
(1113, 1, 5, 32, 90, 0),
(1114, 1, 5, 33, 90, 0),
(1115, 1, 5, 34, 90, 0),
(1116, 1, 5, 35, 90, 0),
(1117, 1, 5, 30, 55, 0),
(1118, 1, 5, 31, 55, 0),
(1119, 1, 5, 32, 55, 0),
(1120, 1, 5, 33, 55, 0),
(1121, 1, 5, 34, 55, 0),
(1122, 1, 5, 35, 55, 0),
(1123, 1, 5, 30, 56, 0),
(1124, 1, 5, 31, 56, 0),
(1125, 1, 5, 32, 56, 0),
(1126, 1, 5, 33, 56, 0),
(1127, 1, 5, 34, 56, 0),
(1128, 1, 5, 35, 56, 0),
(1129, 1, 5, 30, 57, 0),
(1130, 1, 5, 31, 57, 0),
(1131, 1, 5, 32, 57, 0),
(1132, 1, 5, 33, 57, 0),
(1133, 1, 5, 34, 57, 0),
(1134, 1, 5, 35, 57, 0),
(1135, 1, 5, 30, 58, 0),
(1136, 1, 5, 31, 58, 0),
(1137, 1, 5, 32, 58, 0),
(1138, 1, 5, 33, 58, 0),
(1139, 1, 5, 34, 58, 0),
(1140, 1, 5, 35, 58, 0),
(1141, 1, 5, 30, 59, 0),
(1142, 1, 5, 31, 59, 0),
(1143, 1, 5, 32, 59, 0),
(1144, 1, 5, 33, 59, 0),
(1145, 1, 5, 34, 59, 0),
(1146, 1, 5, 35, 59, 0),
(1147, 1, 5, 30, 60, 0),
(1148, 1, 5, 31, 60, 0),
(1149, 1, 5, 32, 60, 0),
(1150, 1, 5, 33, 60, 0),
(1151, 1, 5, 34, 60, 0),
(1152, 1, 5, 35, 60, 0),
(1153, 1, 5, 30, 61, 0),
(1154, 1, 5, 31, 61, 0),
(1155, 1, 5, 32, 61, 0),
(1156, 1, 5, 33, 61, 0),
(1157, 1, 5, 34, 61, 0),
(1158, 1, 5, 35, 61, 0),
(1159, 1, 5, 30, 62, 0),
(1160, 1, 5, 31, 62, 0),
(1161, 1, 5, 32, 62, 0),
(1162, 1, 5, 33, 62, 0),
(1163, 1, 5, 34, 62, 0),
(1164, 1, 5, 35, 62, 0),
(1165, 1, 5, 30, 63, 0),
(1166, 1, 5, 31, 63, 0),
(1167, 1, 5, 32, 63, 0),
(1168, 1, 5, 33, 63, 0),
(1169, 1, 5, 34, 63, 0),
(1170, 1, 5, 35, 63, 0),
(1171, 2, 1, 30, 1, 0),
(1172, 2, 1, 31, 1, 0),
(1173, 2, 1, 32, 1, 0),
(1174, 2, 1, 33, 1, 0),
(1175, 2, 1, 34, 1, 0),
(1176, 2, 1, 35, 1, 0),
(1177, 2, 1, 30, 2, 0),
(1178, 2, 1, 31, 2, 0),
(1179, 2, 1, 32, 2, 0),
(1180, 2, 1, 33, 2, 0),
(1181, 2, 1, 34, 2, 0),
(1182, 2, 1, 35, 2, 0),
(1183, 2, 1, 30, 3, 0),
(1184, 2, 1, 31, 3, 0),
(1185, 2, 1, 32, 3, 0),
(1186, 2, 1, 33, 3, 0),
(1187, 2, 1, 34, 3, 0),
(1188, 2, 1, 35, 3, 0),
(1189, 2, 1, 30, 4, 0),
(1190, 2, 1, 31, 4, 0),
(1191, 2, 1, 32, 4, 0),
(1192, 2, 1, 33, 4, 0),
(1193, 2, 1, 34, 4, 0),
(1194, 2, 1, 35, 4, 0),
(1195, 2, 1, 30, 5, 0),
(1196, 2, 1, 31, 5, 0),
(1197, 2, 1, 32, 5, 0),
(1198, 2, 1, 33, 5, 0),
(1199, 2, 1, 34, 5, 0),
(1200, 2, 1, 35, 5, 0),
(1201, 2, 1, 30, 6, 0),
(1202, 2, 1, 31, 6, 0),
(1203, 2, 1, 32, 6, 0),
(1204, 2, 1, 33, 6, 0),
(1205, 2, 1, 34, 6, 0),
(1206, 2, 1, 35, 6, 0),
(1207, 2, 1, 30, 7, 0),
(1208, 2, 1, 31, 7, 0),
(1209, 2, 1, 32, 7, 0),
(1210, 2, 1, 33, 7, 0),
(1211, 2, 1, 34, 7, 0),
(1212, 2, 1, 35, 7, 0),
(1213, 2, 1, 30, 8, 0),
(1214, 2, 1, 31, 8, 0),
(1215, 2, 1, 32, 8, 0),
(1216, 2, 1, 33, 8, 0),
(1217, 2, 1, 34, 8, 0),
(1218, 2, 1, 35, 8, 0),
(1219, 2, 1, 30, 9, 0),
(1220, 2, 1, 31, 9, 0),
(1221, 2, 1, 32, 9, 0),
(1222, 2, 1, 33, 9, 0),
(1223, 2, 1, 34, 9, 0),
(1224, 2, 1, 35, 9, 0),
(1225, 2, 1, 30, 10, 0),
(1226, 2, 1, 31, 10, 0),
(1227, 2, 1, 32, 10, 0),
(1228, 2, 1, 33, 10, 0),
(1229, 2, 1, 34, 10, 0),
(1230, 2, 1, 35, 10, 0),
(1231, 2, 1, 30, 11, 0),
(1232, 2, 1, 31, 11, 0),
(1233, 2, 1, 32, 11, 0),
(1234, 2, 1, 33, 11, 0),
(1235, 2, 1, 34, 11, 0),
(1236, 2, 1, 35, 11, 0),
(1237, 2, 1, 30, 12, 0),
(1238, 2, 1, 31, 12, 0),
(1239, 2, 1, 32, 12, 0),
(1240, 2, 1, 33, 12, 0),
(1241, 2, 1, 34, 12, 0),
(1242, 2, 1, 35, 12, 0),
(1243, 2, 1, 30, 13, 0),
(1244, 2, 1, 31, 13, 0),
(1245, 2, 1, 32, 13, 0),
(1246, 2, 1, 33, 13, 0),
(1247, 2, 1, 34, 13, 0),
(1248, 2, 1, 35, 13, 0),
(1249, 2, 1, 30, 14, 0),
(1250, 2, 1, 31, 14, 0),
(1251, 2, 1, 32, 14, 0),
(1252, 2, 1, 33, 14, 0),
(1253, 2, 1, 34, 14, 0),
(1254, 2, 1, 35, 14, 0),
(1255, 2, 1, 30, 15, 0),
(1256, 2, 1, 31, 15, 0),
(1257, 2, 1, 32, 15, 0),
(1258, 2, 1, 33, 15, 0),
(1259, 2, 1, 34, 15, 0),
(1260, 2, 1, 35, 15, 0),
(1261, 2, 1, 30, 16, 0),
(1262, 2, 1, 31, 16, 0),
(1263, 2, 1, 32, 16, 0),
(1264, 2, 1, 33, 16, 0),
(1265, 2, 1, 34, 16, 0),
(1266, 2, 1, 35, 16, 0),
(1267, 2, 1, 30, 17, 0),
(1268, 2, 1, 31, 17, 0),
(1269, 2, 1, 32, 17, 0),
(1270, 2, 1, 33, 17, 0),
(1271, 2, 1, 34, 17, 0),
(1272, 2, 1, 35, 17, 0),
(1273, 2, 1, 30, 18, 0),
(1274, 2, 1, 31, 18, 0),
(1275, 2, 1, 32, 18, 0),
(1276, 2, 1, 33, 18, 0),
(1277, 2, 1, 34, 18, 0),
(1278, 2, 1, 35, 18, 0),
(1279, 2, 1, 30, 19, 0),
(1280, 2, 1, 31, 19, 0),
(1281, 2, 1, 32, 19, 0),
(1282, 2, 1, 33, 19, 0),
(1283, 2, 1, 34, 19, 0),
(1284, 2, 1, 35, 19, 0),
(1285, 2, 1, 30, 20, 0),
(1286, 2, 1, 31, 20, 0),
(1287, 2, 1, 32, 20, 0),
(1288, 2, 1, 33, 20, 0),
(1289, 2, 1, 34, 20, 0),
(1290, 2, 1, 35, 20, 0),
(1291, 2, 1, 30, 21, 0),
(1292, 2, 1, 31, 21, 0),
(1293, 2, 1, 32, 21, 0),
(1294, 2, 1, 33, 21, 0),
(1295, 2, 1, 34, 21, 0),
(1296, 2, 1, 35, 21, 0),
(1297, 2, 1, 30, 22, 0),
(1298, 2, 1, 31, 22, 0),
(1299, 2, 1, 32, 22, 0),
(1300, 2, 1, 33, 22, 0),
(1301, 2, 1, 34, 22, 0),
(1302, 2, 1, 35, 22, 0),
(1303, 2, 1, 30, 23, 0),
(1304, 2, 1, 31, 23, 0),
(1305, 2, 1, 32, 23, 0),
(1306, 2, 1, 33, 23, 0),
(1307, 2, 1, 34, 23, 0),
(1308, 2, 1, 35, 23, 0),
(1309, 2, 1, 30, 24, 0),
(1310, 2, 1, 31, 24, 0),
(1311, 2, 1, 32, 24, 0),
(1312, 2, 1, 33, 24, 0),
(1313, 2, 1, 34, 24, 0),
(1314, 2, 1, 35, 24, 0),
(1315, 2, 1, 30, 25, 0),
(1316, 2, 1, 31, 25, 0),
(1317, 2, 1, 32, 25, 0),
(1318, 2, 1, 33, 25, 0),
(1319, 2, 1, 34, 25, 0),
(1320, 2, 1, 35, 25, 0),
(1321, 2, 1, 30, 26, 0),
(1322, 2, 1, 31, 26, 0),
(1323, 2, 1, 32, 26, 0),
(1324, 2, 1, 33, 26, 0),
(1325, 2, 1, 34, 26, 0),
(1326, 2, 1, 35, 26, 0),
(1327, 2, 1, 30, 27, 0),
(1328, 2, 1, 31, 27, 0),
(1329, 2, 1, 32, 27, 0),
(1330, 2, 1, 33, 27, 0),
(1331, 2, 1, 34, 27, 0),
(1332, 2, 1, 35, 27, 0),
(1333, 2, 1, 30, 28, 0),
(1334, 2, 1, 31, 28, 0),
(1335, 2, 1, 32, 28, 0),
(1336, 2, 1, 33, 28, 0),
(1337, 2, 1, 34, 28, 0),
(1338, 2, 1, 35, 28, 0),
(1339, 2, 1, 30, 29, 0),
(1340, 2, 1, 31, 29, 0),
(1341, 2, 1, 32, 29, 0),
(1342, 2, 1, 33, 29, 0),
(1343, 2, 1, 34, 29, 0),
(1344, 2, 1, 35, 29, 0),
(1345, 2, 1, 30, 30, 0),
(1346, 2, 1, 31, 30, 0),
(1347, 2, 1, 32, 30, 0),
(1348, 2, 1, 33, 30, 0),
(1349, 2, 1, 34, 30, 0),
(1350, 2, 1, 35, 30, 0),
(1351, 2, 1, 30, 31, 0),
(1352, 2, 1, 31, 31, 0),
(1353, 2, 1, 32, 31, 0),
(1354, 2, 1, 33, 31, 0),
(1355, 2, 1, 34, 31, 0),
(1356, 2, 1, 35, 31, 0),
(1357, 2, 1, 30, 32, 0),
(1358, 2, 1, 31, 32, 0),
(1359, 2, 1, 32, 32, 0),
(1360, 2, 1, 33, 32, 0),
(1361, 2, 1, 34, 32, 0),
(1362, 2, 1, 35, 32, 0),
(1363, 2, 1, 30, 33, 0),
(1364, 2, 1, 31, 33, 0),
(1365, 2, 1, 32, 33, 0),
(1366, 2, 1, 33, 33, 0),
(1367, 2, 1, 34, 33, 0),
(1368, 2, 1, 35, 33, 0),
(1369, 2, 1, 30, 34, 0),
(1370, 2, 1, 31, 34, 0),
(1371, 2, 1, 32, 34, 0),
(1372, 2, 1, 33, 34, 0),
(1373, 2, 1, 34, 34, 0),
(1374, 2, 1, 35, 34, 0),
(1375, 2, 1, 30, 35, 0),
(1376, 2, 1, 31, 35, 0),
(1377, 2, 1, 32, 35, 0),
(1378, 2, 1, 33, 35, 0),
(1379, 2, 1, 34, 35, 0),
(1380, 2, 1, 35, 35, 0),
(1381, 2, 1, 30, 36, 0),
(1382, 2, 1, 31, 36, 0),
(1383, 2, 1, 32, 36, 0),
(1384, 2, 1, 33, 36, 0),
(1385, 2, 1, 34, 36, 0),
(1386, 2, 1, 35, 36, 0),
(1387, 2, 1, 30, 37, 0),
(1388, 2, 1, 31, 37, 0),
(1389, 2, 1, 32, 37, 0),
(1390, 2, 1, 33, 37, 0),
(1391, 2, 1, 34, 37, 0),
(1392, 2, 1, 35, 37, 0),
(1393, 2, 1, 30, 38, 0),
(1394, 2, 1, 31, 38, 0),
(1395, 2, 1, 32, 38, 0),
(1396, 2, 1, 33, 38, 0),
(1397, 2, 1, 34, 38, 0),
(1398, 2, 1, 35, 38, 0),
(1399, 2, 1, 30, 39, 0),
(1400, 2, 1, 31, 39, 0),
(1401, 2, 1, 32, 39, 0),
(1402, 2, 1, 33, 39, 0),
(1403, 2, 1, 34, 39, 0),
(1404, 2, 1, 35, 39, 0),
(1405, 2, 1, 30, 40, 0),
(1406, 2, 1, 31, 40, 0),
(1407, 2, 1, 32, 40, 0),
(1408, 2, 1, 33, 40, 0),
(1409, 2, 1, 34, 40, 0),
(1410, 2, 1, 35, 40, 0),
(1411, 2, 1, 30, 41, 0),
(1412, 2, 1, 31, 41, 0),
(1413, 2, 1, 32, 41, 0),
(1414, 2, 1, 33, 41, 0),
(1415, 2, 1, 34, 41, 0),
(1416, 2, 1, 35, 41, 0),
(1417, 2, 1, 30, 42, 0),
(1418, 2, 1, 31, 42, 0),
(1419, 2, 1, 32, 42, 0),
(1420, 2, 1, 33, 42, 0),
(1421, 2, 1, 34, 42, 0),
(1422, 2, 1, 35, 42, 0),
(1423, 2, 1, 30, 43, 0),
(1424, 2, 1, 31, 43, 0),
(1425, 2, 1, 32, 43, 0),
(1426, 2, 1, 33, 43, 0),
(1427, 2, 1, 34, 43, 0),
(1428, 2, 1, 35, 43, 0),
(1429, 2, 1, 30, 44, 0),
(1430, 2, 1, 31, 44, 0),
(1431, 2, 1, 32, 44, 0),
(1432, 2, 1, 33, 44, 0),
(1433, 2, 1, 34, 44, 0),
(1434, 2, 1, 35, 44, 0),
(1435, 2, 1, 30, 45, 0),
(1436, 2, 1, 31, 45, 0),
(1437, 2, 1, 32, 45, 0),
(1438, 2, 1, 33, 45, 0),
(1439, 2, 1, 34, 45, 0),
(1440, 2, 1, 35, 45, 0),
(1441, 2, 1, 30, 46, 0),
(1442, 2, 1, 31, 46, 0),
(1443, 2, 1, 32, 46, 0),
(1444, 2, 1, 33, 46, 0),
(1445, 2, 1, 34, 46, 0),
(1446, 2, 1, 35, 46, 0),
(1447, 2, 1, 30, 47, 0),
(1448, 2, 1, 31, 47, 0),
(1449, 2, 1, 32, 47, 0),
(1450, 2, 1, 33, 47, 0),
(1451, 2, 1, 34, 47, 0),
(1452, 2, 1, 35, 47, 0),
(1453, 2, 1, 30, 48, 0),
(1454, 2, 1, 31, 48, 0),
(1455, 2, 1, 32, 48, 0),
(1456, 2, 1, 33, 48, 0),
(1457, 2, 1, 34, 48, 0),
(1458, 2, 1, 35, 48, 0),
(1459, 2, 1, 30, 49, 0),
(1460, 2, 1, 31, 49, 0),
(1461, 2, 1, 32, 49, 0),
(1462, 2, 1, 33, 49, 0),
(1463, 2, 1, 34, 49, 0),
(1464, 2, 1, 35, 49, 0),
(1465, 2, 1, 30, 50, 0),
(1466, 2, 1, 31, 50, 0),
(1467, 2, 1, 32, 50, 0),
(1468, 2, 1, 33, 50, 0),
(1469, 2, 1, 34, 50, 0),
(1470, 2, 1, 35, 50, 0),
(1471, 2, 1, 30, 51, 0),
(1472, 2, 1, 31, 51, 0),
(1473, 2, 1, 32, 51, 0),
(1474, 2, 1, 33, 51, 0),
(1475, 2, 1, 34, 51, 0),
(1476, 2, 1, 35, 51, 0),
(1477, 2, 1, 30, 52, 0),
(1478, 2, 1, 31, 52, 0),
(1479, 2, 1, 32, 52, 0),
(1480, 2, 1, 33, 52, 0),
(1481, 2, 1, 34, 52, 0),
(1482, 2, 1, 35, 52, 0),
(1483, 2, 1, 30, 53, 0),
(1484, 2, 1, 31, 53, 0),
(1485, 2, 1, 32, 53, 0),
(1486, 2, 1, 33, 53, 0),
(1487, 2, 1, 34, 53, 0),
(1488, 2, 1, 35, 53, 0),
(1489, 2, 1, 30, 54, 0),
(1490, 2, 1, 31, 54, 0),
(1491, 2, 1, 32, 54, 0),
(1492, 2, 1, 33, 54, 0),
(1493, 2, 1, 34, 54, 0),
(1494, 2, 1, 35, 54, 0),
(1495, 2, 5, 30, 64, 0),
(1496, 2, 5, 31, 64, 0),
(1497, 2, 5, 32, 64, 0),
(1498, 2, 5, 33, 64, 0),
(1499, 2, 5, 34, 64, 0),
(1500, 2, 5, 35, 64, 0),
(1501, 2, 5, 30, 65, 0),
(1502, 2, 5, 31, 65, 0),
(1503, 2, 5, 32, 65, 0),
(1504, 2, 5, 33, 65, 0),
(1505, 2, 5, 34, 65, 0),
(1506, 2, 5, 35, 65, 0),
(1507, 2, 5, 30, 66, 0),
(1508, 2, 5, 31, 66, 0),
(1509, 2, 5, 32, 66, 0),
(1510, 2, 5, 33, 66, 0),
(1511, 2, 5, 34, 66, 0),
(1512, 2, 5, 35, 66, 0),
(1513, 2, 5, 30, 67, 0),
(1514, 2, 5, 31, 67, 0),
(1515, 2, 5, 32, 67, 0),
(1516, 2, 5, 33, 67, 0),
(1517, 2, 5, 34, 67, 0),
(1518, 2, 5, 35, 67, 0),
(1519, 2, 5, 30, 68, 0),
(1520, 2, 5, 31, 68, 0),
(1521, 2, 5, 32, 68, 0),
(1522, 2, 5, 33, 68, 0),
(1523, 2, 5, 34, 68, 0),
(1524, 2, 5, 35, 68, 0),
(1525, 2, 5, 30, 69, 0),
(1526, 2, 5, 31, 69, 0),
(1527, 2, 5, 32, 69, 0),
(1528, 2, 5, 33, 69, 0),
(1529, 2, 5, 34, 69, 0),
(1530, 2, 5, 35, 69, 0),
(1531, 2, 5, 30, 70, 0),
(1532, 2, 5, 31, 70, 0),
(1533, 2, 5, 32, 70, 0),
(1534, 2, 5, 33, 70, 0),
(1535, 2, 5, 34, 70, 0),
(1536, 2, 5, 35, 70, 0),
(1537, 2, 5, 30, 71, 0),
(1538, 2, 5, 31, 71, 0),
(1539, 2, 5, 32, 71, 0),
(1540, 2, 5, 33, 71, 0),
(1541, 2, 5, 34, 71, 0),
(1542, 2, 5, 35, 71, 0),
(1543, 2, 5, 30, 72, 0),
(1544, 2, 5, 31, 72, 0),
(1545, 2, 5, 32, 72, 0),
(1546, 2, 5, 33, 72, 0),
(1547, 2, 5, 34, 72, 0),
(1548, 2, 5, 35, 72, 0),
(1549, 2, 5, 30, 73, 0),
(1550, 2, 5, 31, 73, 0),
(1551, 2, 5, 32, 73, 0),
(1552, 2, 5, 33, 73, 0),
(1553, 2, 5, 34, 73, 0),
(1554, 2, 5, 35, 73, 0),
(1555, 2, 5, 30, 74, 0),
(1556, 2, 5, 31, 74, 0),
(1557, 2, 5, 32, 74, 0),
(1558, 2, 5, 33, 74, 0),
(1559, 2, 5, 34, 74, 0),
(1560, 2, 5, 35, 74, 0),
(1561, 2, 5, 30, 75, 0),
(1562, 2, 5, 31, 75, 0),
(1563, 2, 5, 32, 75, 0),
(1564, 2, 5, 33, 75, 0),
(1565, 2, 5, 34, 75, 0),
(1566, 2, 5, 35, 75, 0),
(1567, 2, 5, 30, 76, 0),
(1568, 2, 5, 31, 76, 0),
(1569, 2, 5, 32, 76, 0),
(1570, 2, 5, 33, 76, 0),
(1571, 2, 5, 34, 76, 0),
(1572, 2, 5, 35, 76, 0),
(1573, 2, 5, 30, 77, 0),
(1574, 2, 5, 31, 77, 0),
(1575, 2, 5, 32, 77, 0),
(1576, 2, 5, 33, 77, 0),
(1577, 2, 5, 34, 77, 0),
(1578, 2, 5, 35, 77, 0),
(1579, 2, 5, 30, 78, 0),
(1580, 2, 5, 31, 78, 0),
(1581, 2, 5, 32, 78, 0),
(1582, 2, 5, 33, 78, 0),
(1583, 2, 5, 34, 78, 0),
(1584, 2, 5, 35, 78, 0),
(1585, 2, 5, 30, 79, 0),
(1586, 2, 5, 31, 79, 0),
(1587, 2, 5, 32, 79, 0),
(1588, 2, 5, 33, 79, 0),
(1589, 2, 5, 34, 79, 0),
(1590, 2, 5, 35, 79, 0),
(1591, 2, 5, 30, 80, 0),
(1592, 2, 5, 31, 80, 0),
(1593, 2, 5, 32, 80, 0),
(1594, 2, 5, 33, 80, 0),
(1595, 2, 5, 34, 80, 0),
(1596, 2, 5, 35, 80, 0),
(1597, 2, 5, 30, 81, 0),
(1598, 2, 5, 31, 81, 0),
(1599, 2, 5, 32, 81, 0),
(1600, 2, 5, 33, 81, 0),
(1601, 2, 5, 34, 81, 0),
(1602, 2, 5, 35, 81, 0),
(1603, 2, 5, 30, 82, 0),
(1604, 2, 5, 31, 82, 0),
(1605, 2, 5, 32, 82, 0),
(1606, 2, 5, 33, 82, 0),
(1607, 2, 5, 34, 82, 0),
(1608, 2, 5, 35, 82, 0),
(1609, 2, 5, 30, 83, 0),
(1610, 2, 5, 31, 83, 0),
(1611, 2, 5, 32, 83, 0),
(1612, 2, 5, 33, 83, 0),
(1613, 2, 5, 34, 83, 0),
(1614, 2, 5, 35, 83, 0),
(1615, 2, 5, 30, 84, 0),
(1616, 2, 5, 31, 84, 0),
(1617, 2, 5, 32, 84, 0),
(1618, 2, 5, 33, 84, 0),
(1619, 2, 5, 34, 84, 0),
(1620, 2, 5, 35, 84, 0),
(1621, 2, 5, 30, 85, 0),
(1622, 2, 5, 31, 85, 0),
(1623, 2, 5, 32, 85, 0),
(1624, 2, 5, 33, 85, 0),
(1625, 2, 5, 34, 85, 0),
(1626, 2, 5, 35, 85, 0),
(1627, 2, 5, 30, 86, 0),
(1628, 2, 5, 31, 86, 0),
(1629, 2, 5, 32, 86, 0),
(1630, 2, 5, 33, 86, 0),
(1631, 2, 5, 34, 86, 0),
(1632, 2, 5, 35, 86, 0),
(1633, 2, 5, 30, 87, 0),
(1634, 2, 5, 31, 87, 0),
(1635, 2, 5, 32, 87, 0),
(1636, 2, 5, 33, 87, 0),
(1637, 2, 5, 34, 87, 0),
(1638, 2, 5, 35, 87, 0),
(1639, 2, 5, 30, 88, 0),
(1640, 2, 5, 31, 88, 0),
(1641, 2, 5, 32, 88, 0),
(1642, 2, 5, 33, 88, 0),
(1643, 2, 5, 34, 88, 0),
(1644, 2, 5, 35, 88, 0),
(1645, 2, 5, 30, 89, 0),
(1646, 2, 5, 31, 89, 0),
(1647, 2, 5, 32, 89, 0),
(1648, 2, 5, 33, 89, 0),
(1649, 2, 5, 34, 89, 0),
(1650, 2, 5, 35, 89, 0),
(1651, 2, 5, 30, 90, 0),
(1652, 2, 5, 31, 90, 0),
(1653, 2, 5, 32, 90, 0),
(1654, 2, 5, 33, 90, 0),
(1655, 2, 5, 34, 90, 0),
(1656, 2, 5, 35, 90, 0),
(1657, 2, 5, 30, 55, 0),
(1658, 2, 5, 31, 55, 0),
(1659, 2, 5, 32, 55, 0),
(1660, 2, 5, 33, 55, 0),
(1661, 2, 5, 34, 55, 0),
(1662, 2, 5, 35, 55, 0),
(1663, 2, 5, 30, 56, 0),
(1664, 2, 5, 31, 56, 0),
(1665, 2, 5, 32, 56, 0),
(1666, 2, 5, 33, 56, 0),
(1667, 2, 5, 34, 56, 0),
(1668, 2, 5, 35, 56, 0),
(1669, 2, 5, 30, 57, 0),
(1670, 2, 5, 31, 57, 0),
(1671, 2, 5, 32, 57, 0),
(1672, 2, 5, 33, 57, 0),
(1673, 2, 5, 34, 57, 0),
(1674, 2, 5, 35, 57, 0),
(1675, 2, 5, 30, 58, 0),
(1676, 2, 5, 31, 58, 0),
(1677, 2, 5, 32, 58, 0),
(1678, 2, 5, 33, 58, 0),
(1679, 2, 5, 34, 58, 0),
(1680, 2, 5, 35, 58, 0),
(1681, 2, 5, 30, 59, 0),
(1682, 2, 5, 31, 59, 0),
(1683, 2, 5, 32, 59, 0),
(1684, 2, 5, 33, 59, 0),
(1685, 2, 5, 34, 59, 0),
(1686, 2, 5, 35, 59, 0),
(1687, 2, 5, 30, 60, 0),
(1688, 2, 5, 31, 60, 0),
(1689, 2, 5, 32, 60, 0),
(1690, 2, 5, 33, 60, 0),
(1691, 2, 5, 34, 60, 0),
(1692, 2, 5, 35, 60, 0),
(1693, 2, 5, 30, 61, 0),
(1694, 2, 5, 31, 61, 0),
(1695, 2, 5, 32, 61, 0),
(1696, 2, 5, 33, 61, 0),
(1697, 2, 5, 34, 61, 0),
(1698, 2, 5, 35, 61, 0),
(1699, 2, 5, 30, 62, 0),
(1700, 2, 5, 31, 62, 0),
(1701, 2, 5, 32, 62, 0),
(1702, 2, 5, 33, 62, 0),
(1703, 2, 5, 34, 62, 0),
(1704, 2, 5, 35, 62, 0),
(1705, 2, 5, 30, 63, 0),
(1706, 2, 5, 31, 63, 0),
(1707, 2, 5, 32, 63, 0),
(1708, 2, 5, 33, 63, 0),
(1709, 2, 5, 34, 63, 0),
(1710, 2, 5, 35, 63, 0);

-- --------------------------------------------------------

--
-- Структура таблицы `user`
--

CREATE TABLE IF NOT EXISTS `user` (
  `id` bigint(20) NOT NULL,
  `sso_id` varchar(30) NOT NULL,
  `password` varchar(100) NOT NULL,
  `first_name` varchar(30) NOT NULL,
  `last_name` varchar(30) NOT NULL,
  `email` varchar(30) NOT NULL,
  `state` varchar(30) DEFAULT NULL
) ENGINE=InnoDB AUTO_INCREMENT=7 DEFAULT CHARSET=utf8;

--
-- Дамп данных таблицы `user`
--

INSERT INTO `user` (`id`, `sso_id`, `password`, `first_name`, `last_name`, `email`, `state`) VALUES
(4, 'Roman', '$2a$10$3vNtuUINPjyoPoQTK9/YZOvYtE3RLvnAMGsby5sMd4yMgQabjmDGe', 'Roman', 'Roman', 'Roman', NULL),
(5, 'sam', '$2a$10$1FSFzdph5d6NP2mcP98EyecpJ94TfpLG0ZEyyfNNujIEUg39tfmAq', 'Sam', 'sam', 'sam', NULL),
(6, 'sso', '$2a$10$1cMmdszRYJf5MFzRqXjU6esQDFc4wup8rG1KzTJUcuVAKX9XOjhm.', 'First name!!!!!', 'Last name!!!!', '123456', NULL);

-- --------------------------------------------------------

--
-- Структура таблицы `userRole`
--

CREATE TABLE IF NOT EXISTS `userRole` (
  `user_id` bigint(20) NOT NULL,
  `user_role_id` bigint(20) NOT NULL
) ENGINE=InnoDB DEFAULT CHARSET=utf8;

--
-- Дамп данных таблицы `userRole`
--

INSERT INTO `userRole` (`user_id`, `user_role_id`) VALUES
(5, 1),
(6, 1),
(4, 2),
(5, 2),
(6, 2),
(4, 3),
(5, 3),
(6, 3);

--
-- Индексы сохранённых таблиц
--

--
-- Индексы таблицы `car`
--
ALTER TABLE `car`
  ADD PRIMARY KEY (`id`),
  ADD KEY `carPrototypeId` (`carPrototypeId`);

--
-- Индексы таблицы `carPrototype`
--
ALTER TABLE `carPrototype`
  ADD PRIMARY KEY (`id`),
  ADD KEY `class` (`classId`);

--
-- Индексы таблицы `carPrototypeComposition`
--
ALTER TABLE `carPrototypeComposition`
  ADD PRIMARY KEY (`id`),
  ADD KEY `carPrototypeId` (`carPrototypeId`),
  ADD KEY `siteId` (`sitePrototypeId`);

--
-- Индексы таблицы `passenger`
--
ALTER TABLE `passenger`
  ADD PRIMARY KEY (`id`),
  ADD KEY `idUser_idx` (`idUser`);

--
-- Индексы таблицы `role`
--
ALTER TABLE `role`
  ADD PRIMARY KEY (`id`),
  ADD UNIQUE KEY `type` (`type`);

--
-- Индексы таблицы `route`
--
ALTER TABLE `route`
  ADD PRIMARY KEY (`id`);

--
-- Индексы таблицы `routeComposition`
--
ALTER TABLE `routeComposition`
  ADD PRIMARY KEY (`id`),
  ADD KEY `routeId` (`routeId`),
  ADD KEY `segmentId` (`segmentId`);

--
-- Индексы таблицы `schedule`
--
ALTER TABLE `schedule`
  ADD PRIMARY KEY (`id`),
  ADD KEY `trainId_idx` (`trainId`),
  ADD KEY `routeId` (`routeId`);

--
-- Индексы таблицы `segment`
--
ALTER TABLE `segment`
  ADD PRIMARY KEY (`id`),
  ADD KEY `departureStationId_idx` (`departureStationId`),
  ADD KEY `destinationStationId_idx` (`destinationStationId`);

--
-- Индексы таблицы `siteCarClass`
--
ALTER TABLE `siteCarClass`
  ADD PRIMARY KEY (`id`);

--
-- Индексы таблицы `sitePrototype`
--
ALTER TABLE `sitePrototype`
  ADD PRIMARY KEY (`id`),
  ADD KEY `classId` (`classId`);

--
-- Индексы таблицы `station`
--
ALTER TABLE `station`
  ADD PRIMARY KEY (`id`);

--
-- Индексы таблицы `ticket`
--
ALTER TABLE `ticket`
  ADD PRIMARY KEY (`id`),
  ADD KEY `userId` (`userId`),
  ADD KEY `trainId` (`trainId`);

--
-- Индексы таблицы `ticketComposition`
--
ALTER TABLE `ticketComposition`
  ADD PRIMARY KEY (`id`),
  ADD KEY `ticketId` (`ticketId`),
  ADD KEY `tripsSiteId` (`tripsSiteId`);

--
-- Индексы таблицы `train`
--
ALTER TABLE `train`
  ADD PRIMARY KEY (`id`);

--
-- Индексы таблицы `trainComposition`
--
ALTER TABLE `trainComposition`
  ADD KEY `id` (`id`),
  ADD KEY `carId` (`carId`),
  ADD KEY `trainId` (`trainId`);

--
-- Индексы таблицы `tripsSite`
--
ALTER TABLE `tripsSite`
  ADD PRIMARY KEY (`id`),
  ADD KEY `scheduleId` (`scheduleId`),
  ADD KEY `carId` (`carId`),
  ADD KEY `siteId` (`sitePrototypeId`),
  ADD KEY `segmentId` (`segmentId`);

--
-- Индексы таблицы `user`
--
ALTER TABLE `user`
  ADD PRIMARY KEY (`id`),
  ADD UNIQUE KEY `sso_id` (`sso_id`);

--
-- Индексы таблицы `userRole`
--
ALTER TABLE `userRole`
  ADD PRIMARY KEY (`user_id`,`user_role_id`),
  ADD KEY `FK_USER_PROFILE` (`user_role_id`);

--
-- AUTO_INCREMENT для сохранённых таблиц
--

--
-- AUTO_INCREMENT для таблицы `car`
--
ALTER TABLE `car`
  MODIFY `id` int(11) NOT NULL AUTO_INCREMENT,AUTO_INCREMENT=13;
--
-- AUTO_INCREMENT для таблицы `carPrototype`
--
ALTER TABLE `carPrototype`
  MODIFY `id` int(11) NOT NULL AUTO_INCREMENT,AUTO_INCREMENT=3;
--
-- AUTO_INCREMENT для таблицы `carPrototypeComposition`
--
ALTER TABLE `carPrototypeComposition`
  MODIFY `id` int(11) NOT NULL AUTO_INCREMENT,AUTO_INCREMENT=91;
--
-- AUTO_INCREMENT для таблицы `passenger`
--
ALTER TABLE `passenger`
  MODIFY `id` int(11) NOT NULL AUTO_INCREMENT,AUTO_INCREMENT=3;
--
-- AUTO_INCREMENT для таблицы `role`
--
ALTER TABLE `role`
  MODIFY `id` bigint(20) NOT NULL AUTO_INCREMENT,AUTO_INCREMENT=4;
--
-- AUTO_INCREMENT для таблицы `route`
--
ALTER TABLE `route`
  MODIFY `id` int(11) NOT NULL AUTO_INCREMENT,AUTO_INCREMENT=4;
--
-- AUTO_INCREMENT для таблицы `routeComposition`
--
ALTER TABLE `routeComposition`
  MODIFY `id` int(11) NOT NULL AUTO_INCREMENT,AUTO_INCREMENT=245;
--
-- AUTO_INCREMENT для таблицы `schedule`
--
ALTER TABLE `schedule`
  MODIFY `id` int(11) NOT NULL AUTO_INCREMENT,AUTO_INCREMENT=10;
--
-- AUTO_INCREMENT для таблицы `segment`
--
ALTER TABLE `segment`
  MODIFY `id` int(11) NOT NULL AUTO_INCREMENT,AUTO_INCREMENT=51;
--
-- AUTO_INCREMENT для таблицы `siteCarClass`
--
ALTER TABLE `siteCarClass`
  MODIFY `id` int(11) NOT NULL AUTO_INCREMENT,AUTO_INCREMENT=4;
--
-- AUTO_INCREMENT для таблицы `sitePrototype`
--
ALTER TABLE `sitePrototype`
  MODIFY `id` int(11) NOT NULL AUTO_INCREMENT,AUTO_INCREMENT=91;
--
-- AUTO_INCREMENT для таблицы `station`
--
ALTER TABLE `station`
  MODIFY `id` int(11) NOT NULL AUTO_INCREMENT,AUTO_INCREMENT=11;
--
-- AUTO_INCREMENT для таблицы `ticket`
--
ALTER TABLE `ticket`
  MODIFY `id` int(11) NOT NULL AUTO_INCREMENT,AUTO_INCREMENT=68;
--
-- AUTO_INCREMENT для таблицы `ticketComposition`
--
ALTER TABLE `ticketComposition`
  MODIFY `id` int(11) NOT NULL AUTO_INCREMENT,AUTO_INCREMENT=169;
--
-- AUTO_INCREMENT для таблицы `train`
--
ALTER TABLE `train`
  MODIFY `id` int(11) NOT NULL AUTO_INCREMENT,AUTO_INCREMENT=11;
--
-- AUTO_INCREMENT для таблицы `trainComposition`
--
ALTER TABLE `trainComposition`
  MODIFY `id` int(11) NOT NULL AUTO_INCREMENT,AUTO_INCREMENT=44;
--
-- AUTO_INCREMENT для таблицы `tripsSite`
--
ALTER TABLE `tripsSite`
  MODIFY `id` int(11) NOT NULL AUTO_INCREMENT,AUTO_INCREMENT=1711;
--
-- AUTO_INCREMENT для таблицы `user`
--
ALTER TABLE `user`
  MODIFY `id` bigint(20) NOT NULL AUTO_INCREMENT,AUTO_INCREMENT=7;
--
-- Ограничения внешнего ключа сохраненных таблиц
--

--
-- Ограничения внешнего ключа таблицы `car`
--
ALTER TABLE `car`
  ADD CONSTRAINT `carPrototypeId` FOREIGN KEY (`carPrototypeId`) REFERENCES `carPrototype` (`id`);

--
-- Ограничения внешнего ключа таблицы `carPrototype`
--
ALTER TABLE `carPrototype`
  ADD CONSTRAINT `cl` FOREIGN KEY (`classId`) REFERENCES `sitecarclass` (`id`);

--
-- Ограничения внешнего ключа таблицы `carPrototypeComposition`
--
ALTER TABLE `carPrototypeComposition`
  ADD CONSTRAINT `carPrototId` FOREIGN KEY (`carPrototypeId`) REFERENCES `carPrototype` (`id`),
  ADD CONSTRAINT `sitePrototypeId` FOREIGN KEY (`sitePrototypeId`) REFERENCES `sitePrototype` (`id`);

--
-- Ограничения внешнего ключа таблицы `routeComposition`
--
ALTER TABLE `routeComposition`
  ADD CONSTRAINT `routeId` FOREIGN KEY (`routeId`) REFERENCES `route` (`id`),
  ADD CONSTRAINT `segmId` FOREIGN KEY (`segmentId`) REFERENCES `segment` (`id`);

--
-- Ограничения внешнего ключа таблицы `schedule`
--
ALTER TABLE `schedule`
  ADD CONSTRAINT `route` FOREIGN KEY (`routeId`) REFERENCES `route` (`id`),
  ADD CONSTRAINT `trainId` FOREIGN KEY (`trainId`) REFERENCES `train` (`id`) ON DELETE NO ACTION ON UPDATE NO ACTION;

--
-- Ограничения внешнего ключа таблицы `segment`
--
ALTER TABLE `segment`
  ADD CONSTRAINT `dep` FOREIGN KEY (`departureStationId`) REFERENCES `station` (`id`),
  ADD CONSTRAINT `des` FOREIGN KEY (`destinationStationId`) REFERENCES `station` (`id`);

--
-- Ограничения внешнего ключа таблицы `sitePrototype`
--
ALTER TABLE `sitePrototype`
  ADD CONSTRAINT `class` FOREIGN KEY (`classId`) REFERENCES `siteCarClass` (`id`);

--
-- Ограничения внешнего ключа таблицы `ticket`
--
ALTER TABLE `ticket`
  ADD CONSTRAINT `train_id` FOREIGN KEY (`trainId`) REFERENCES `train` (`id`),
  ADD CONSTRAINT `user` FOREIGN KEY (`userId`) REFERENCES `user` (`id`);

--
-- Ограничения внешнего ключа таблицы `ticketComposition`
--
ALTER TABLE `ticketComposition`
  ADD CONSTRAINT `ticket` FOREIGN KEY (`ticketId`) REFERENCES `ticket` (`id`),
  ADD CONSTRAINT `tripsiteid` FOREIGN KEY (`tripsSiteId`) REFERENCES `tripsSite` (`id`);

--
-- Ограничения внешнего ключа таблицы `trainComposition`
--
ALTER TABLE `trainComposition`
  ADD CONSTRAINT `car` FOREIGN KEY (`carId`) REFERENCES `car` (`id`),
  ADD CONSTRAINT `train` FOREIGN KEY (`trainId`) REFERENCES `train` (`id`);

--
-- Ограничения внешнего ключа таблицы `tripsSite`
--
ALTER TABLE `tripsSite`
  ADD CONSTRAINT `carid` FOREIGN KEY (`carId`) REFERENCES `car` (`id`),
  ADD CONSTRAINT `schedulId` FOREIGN KEY (`scheduleId`) REFERENCES `schedule` (`id`),
  ADD CONSTRAINT `segment` FOREIGN KEY (`segmentId`) REFERENCES `segment` (`id`),
  ADD CONSTRAINT `sitePrototype` FOREIGN KEY (`sitePrototypeId`) REFERENCES `sitePrototype` (`id`);

--
-- Ограничения внешнего ключа таблицы `userRole`
--
ALTER TABLE `userRole`
  ADD CONSTRAINT `roleId` FOREIGN KEY (`user_role_id`) REFERENCES `role` (`id`),
  ADD CONSTRAINT `userId` FOREIGN KEY (`user_id`) REFERENCES `user` (`id`);

/*!40101 SET CHARACTER_SET_CLIENT=@OLD_CHARACTER_SET_CLIENT */;
/*!40101 SET CHARACTER_SET_RESULTS=@OLD_CHARACTER_SET_RESULTS */;
/*!40101 SET COLLATION_CONNECTION=@OLD_COLLATION_CONNECTION */;
